case,activity,time
7651,B,114750
7651,G,114751
7651,D,114752
7651,C,114753
7651,G,114754
7651,G,114755
7651,B,114756
7651,E,114757
7651,B,114758
7651,E,114759
7651,C,114760
7651,B,114761
7651,D,114762
7651,G,114763
7651,F,114764
7652,B,114765
7652,E,114766
7652,B,114767
7652,D,114768
7652,D,114769
7652,G,114770
7652,D,114771
7652,B,114772
7652,D,114773
7652,A,114774
7652,G,114775
7652,B,114776
7652,D,114777
7652,B,114778
7652,F,114779
7653,B,114780
7653,D,114781
7653,B,114782
7653,D,114783
7653,B,114784
7653,A,114785
7653,A,114786
7653,E,114787
7653,B,114788
7653,E,114789
7653,G,114790
7653,C,114791
7653,G,114792
7653,A,114793
7653,F,114794
7654,B,114795
7654,E,114796
7654,D,114797
7654,B,114798
7654,G,114799
7654,B,114800
7654,D,114801
7654,B,114802
7654,C,114803
7654,D,114804
7654,G,114805
7654,G,114806
7654,D,114807
7654,A,114808
7654,F,114809
7655,B,114810
7655,D,114811
7655,B,114812
7655,C,114813
7655,E,114814
7655,C,114815
7655,C,114816
7655,A,114817
7655,G,114818
7655,B,114819
7655,A,114820
7655,C,114821
7655,G,114822
7655,B,114823
7655,F,114824
7656,B,114825
7656,A,114826
7656,D,114827
7656,E,114828
7656,A,114829
7656,G,114830
7656,G,114831
7656,D,114832
7656,D,114833
7656,G,114834
7656,C,114835
7656,G,114836
7656,B,114837
7656,A,114838
7656,F,114839
7657,B,114840
7657,A,114841
7657,G,114842
7657,D,114843
7657,A,114844
7657,B,114845
7657,G,114846
7657,G,114847
7657,C,114848
7657,B,114849
7657,D,114850
7657,E,114851
7657,D,114852
7657,A,114853
7657,F,114854
7658,B,114855
7658,A,114856
7658,C,114857
7658,B,114858
7658,G,114859
7658,A,114860
7658,G,114861
7658,A,114862
7658,C,114863
7658,G,114864
7658,G,114865
7658,D,114866
7658,G,114867
7658,B,114868
7658,F,114869
7659,B,114870
7659,D,114871
7659,B,114872
7659,C,114873
7659,G,114874
7659,A,114875
7659,D,114876
7659,B,114877
7659,B,114878
7659,A,114879
7659,C,114880
7659,B,114881
7659,E,114882
7659,A,114883
7659,F,114884
7660,B,114885
7660,G,114886
7660,E,114887
7660,D,114888
7660,D,114889
7660,E,114890
7660,G,114891
7660,A,114892
7660,G,114893
7660,D,114894
7660,A,114895
7660,B,114896
7660,B,114897
7660,A,114898
7660,F,114899
7661,B,114900
7661,C,114901
7661,C,114902
7661,C,114903
7661,G,114904
7661,G,114905
7661,B,114906
7661,G,114907
7661,G,114908
7661,C,114909
7661,B,114910
7661,C,114911
7661,C,114912
7661,E,114913
7661,F,114914
7662,B,114915
7662,A,114916
7662,G,114917
7662,B,114918
7662,E,114919
7662,A,114920
7662,G,114921
7662,G,114922
7662,E,114923
7662,G,114924
7662,D,114925
7662,E,114926
7662,D,114927
7662,A,114928
7662,F,114929
7663,B,114930
7663,E,114931
7663,E,114932
7663,A,114933
7663,G,114934
7663,C,114935
7663,A,114936
7663,B,114937
7663,A,114938
7663,B,114939
7663,A,114940
7663,A,114941
7663,B,114942
7663,A,114943
7663,F,114944
7664,B,114945
7664,C,114946
7664,B,114947
7664,B,114948
7664,C,114949
7664,D,114950
7664,B,114951
7664,E,114952
7664,C,114953
7664,A,114954
7664,B,114955
7664,D,114956
7664,G,114957
7664,E,114958
7664,F,114959
7665,B,114960
7665,E,114961
7665,G,114962
7665,A,114963
7665,D,114964
7665,A,114965
7665,B,114966
7665,G,114967
7665,A,114968
7665,E,114969
7665,B,114970
7665,E,114971
7665,C,114972
7665,G,114973
7665,F,114974
7666,B,114975
7666,D,114976
7666,D,114977
7666,B,114978
7666,B,114979
7666,C,114980
7666,A,114981
7666,B,114982
7666,C,114983
7666,A,114984
7666,C,114985
7666,A,114986
7666,A,114987
7666,G,114988
7666,F,114989
7667,B,114990
7667,E,114991
7667,C,114992
7667,G,114993
7667,B,114994
7667,E,114995
7667,D,114996
7667,C,114997
7667,A,114998
7667,B,114999
7667,G,115000
7667,B,115001
7667,A,115002
7667,B,115003
7667,F,115004
7668,B,115005
7668,E,115006
7668,D,115007
7668,A,115008
7668,D,115009
7668,G,115010
7668,A,115011
7668,B,115012
7668,A,115013
7668,A,115014
7668,B,115015
7668,B,115016
7668,C,115017
7668,E,115018
7668,F,115019
7669,B,115020
7669,B,115021
7669,A,115022
7669,B,115023
7669,A,115024
7669,E,115025
7669,G,115026
7669,D,115027
7669,G,115028
7669,B,115029
7669,C,115030
7669,A,115031
7669,D,115032
7669,G,115033
7669,F,115034
7670,B,115035
7670,B,115036
7670,A,115037
7670,C,115038
7670,G,115039
7670,B,115040
7670,G,115041
7670,D,115042
7670,E,115043
7670,B,115044
7670,B,115045
7670,G,115046
7670,A,115047
7670,C,115048
7670,F,115049
7671,B,115050
7671,C,115051
7671,B,115052
7671,A,115053
7671,A,115054
7671,D,115055
7671,A,115056
7671,C,115057
7671,B,115058
7671,E,115059
7671,G,115060
7671,D,115061
7671,B,115062
7671,C,115063
7671,F,115064
7672,B,115065
7672,C,115066
7672,B,115067
7672,D,115068
7672,C,115069
7672,D,115070
7672,D,115071
7672,E,115072
7672,A,115073
7672,B,115074
7672,G,115075
7672,A,115076
7672,C,115077
7672,G,115078
7672,F,115079
7673,B,115080
7673,C,115081
7673,B,115082
7673,C,115083
7673,G,115084
7673,E,115085
7673,C,115086
7673,A,115087
7673,B,115088
7673,G,115089
7673,C,115090
7673,C,115091
7673,B,115092
7673,C,115093
7673,F,115094
7674,B,115095
7674,G,115096
7674,C,115097
7674,D,115098
7674,D,115099
7674,A,115100
7674,D,115101
7674,D,115102
7674,D,115103
7674,B,115104
7674,D,115105
7674,A,115106
7674,B,115107
7674,C,115108
7674,F,115109
7675,B,115110
7675,D,115111
7675,A,115112
7675,B,115113
7675,A,115114
7675,E,115115
7675,A,115116
7675,D,115117
7675,E,115118
7675,B,115119
7675,E,115120
7675,E,115121
7675,B,115122
7675,B,115123
7675,F,115124
7676,B,115125
7676,B,115126
7676,D,115127
7676,A,115128
7676,E,115129
7676,E,115130
7676,B,115131
7676,A,115132
7676,G,115133
7676,A,115134
7676,E,115135
7676,C,115136
7676,C,115137
7676,G,115138
7676,F,115139
7677,B,115140
7677,B,115141
7677,A,115142
7677,E,115143
7677,E,115144
7677,C,115145
7677,E,115146
7677,G,115147
7677,D,115148
7677,A,115149
7677,A,115150
7677,E,115151
7677,D,115152
7677,E,115153
7677,F,115154
7678,B,115155
7678,E,115156
7678,E,115157
7678,B,115158
7678,E,115159
7678,D,115160
7678,G,115161
7678,C,115162
7678,D,115163
7678,G,115164
7678,E,115165
7678,D,115166
7678,E,115167
7678,B,115168
7678,F,115169
7679,B,115170
7679,A,115171
7679,E,115172
7679,E,115173
7679,C,115174
7679,G,115175
7679,C,115176
7679,A,115177
7679,C,115178
7679,E,115179
7679,E,115180
7679,G,115181
7679,B,115182
7679,G,115183
7679,F,115184
7680,B,115185
7680,B,115186
7680,E,115187
7680,D,115188
7680,B,115189
7680,D,115190
7680,C,115191
7680,C,115192
7680,C,115193
7680,C,115194
7680,B,115195
7680,G,115196
7680,E,115197
7680,D,115198
7680,F,115199
7681,B,115200
7681,E,115201
7681,C,115202
7681,C,115203
7681,D,115204
7681,A,115205
7681,B,115206
7681,E,115207
7681,A,115208
7681,A,115209
7681,B,115210
7681,G,115211
7681,A,115212
7681,A,115213
7681,F,115214
7682,B,115215
7682,A,115216
7682,D,115217
7682,G,115218
7682,A,115219
7682,E,115220
7682,G,115221
7682,B,115222
7682,A,115223
7682,D,115224
7682,G,115225
7682,C,115226
7682,A,115227
7682,E,115228
7682,F,115229
7683,B,115230
7683,G,115231
7683,B,115232
7683,D,115233
7683,A,115234
7683,C,115235
7683,B,115236
7683,A,115237
7683,G,115238
7683,A,115239
7683,E,115240
7683,B,115241
7683,C,115242
7683,G,115243
7683,F,115244
7684,B,115245
7684,D,115246
7684,A,115247
7684,C,115248
7684,C,115249
7684,C,115250
7684,D,115251
7684,B,115252
7684,C,115253
7684,D,115254
7684,E,115255
7684,D,115256
7684,A,115257
7684,A,115258
7684,F,115259
7685,B,115260
7685,A,115261
7685,E,115262
7685,B,115263
7685,B,115264
7685,C,115265
7685,B,115266
7685,E,115267
7685,C,115268
7685,E,115269
7685,D,115270
7685,B,115271
7685,E,115272
7685,C,115273
7685,F,115274
7686,B,115275
7686,D,115276
7686,B,115277
7686,G,115278
7686,G,115279
7686,A,115280
7686,B,115281
7686,D,115282
7686,G,115283
7686,A,115284
7686,D,115285
7686,B,115286
7686,E,115287
7686,E,115288
7686,F,115289
7687,B,115290
7687,C,115291
7687,E,115292
7687,B,115293
7687,B,115294
7687,E,115295
7687,C,115296
7687,C,115297
7687,G,115298
7687,A,115299
7687,G,115300
7687,E,115301
7687,E,115302
7687,C,115303
7687,F,115304
7688,B,115305
7688,D,115306
7688,A,115307
7688,A,115308
7688,D,115309
7688,G,115310
7688,C,115311
7688,E,115312
7688,E,115313
7688,G,115314
7688,D,115315
7688,C,115316
7688,C,115317
7688,C,115318
7688,F,115319
7689,B,115320
7689,C,115321
7689,A,115322
7689,E,115323
7689,A,115324
7689,C,115325
7689,E,115326
7689,G,115327
7689,B,115328
7689,C,115329
7689,C,115330
7689,G,115331
7689,E,115332
7689,E,115333
7689,F,115334
7690,B,115335
7690,G,115336
7690,G,115337
7690,G,115338
7690,G,115339
7690,D,115340
7690,A,115341
7690,D,115342
7690,G,115343
7690,A,115344
7690,A,115345
7690,B,115346
7690,E,115347
7690,E,115348
7690,F,115349
7691,B,115350
7691,G,115351
7691,G,115352
7691,E,115353
7691,C,115354
7691,D,115355
7691,G,115356
7691,C,115357
7691,D,115358
7691,C,115359
7691,E,115360
7691,A,115361
7691,C,115362
7691,G,115363
7691,F,115364
7692,B,115365
7692,B,115366
7692,C,115367
7692,C,115368
7692,B,115369
7692,E,115370
7692,G,115371
7692,A,115372
7692,E,115373
7692,C,115374
7692,E,115375
7692,G,115376
7692,A,115377
7692,B,115378
7692,F,115379
7693,B,115380
7693,C,115381
7693,D,115382
7693,E,115383
7693,E,115384
7693,C,115385
7693,C,115386
7693,G,115387
7693,G,115388
7693,G,115389
7693,B,115390
7693,E,115391
7693,A,115392
7693,B,115393
7693,F,115394
7694,B,115395
7694,D,115396
7694,C,115397
7694,G,115398
7694,C,115399
7694,A,115400
7694,D,115401
7694,C,115402
7694,E,115403
7694,D,115404
7694,A,115405
7694,C,115406
7694,E,115407
7694,E,115408
7694,F,115409
7695,B,115410
7695,B,115411
7695,E,115412
7695,B,115413
7695,B,115414
7695,E,115415
7695,G,115416
7695,D,115417
7695,B,115418
7695,G,115419
7695,E,115420
7695,A,115421
7695,E,115422
7695,E,115423
7695,F,115424
7696,B,115425
7696,B,115426
7696,B,115427
7696,C,115428
7696,A,115429
7696,E,115430
7696,D,115431
7696,E,115432
7696,C,115433
7696,E,115434
7696,C,115435
7696,E,115436
7696,C,115437
7696,D,115438
7696,F,115439
7697,B,115440
7697,E,115441
7697,D,115442
7697,D,115443
7697,E,115444
7697,A,115445
7697,E,115446
7697,B,115447
7697,B,115448
7697,D,115449
7697,C,115450
7697,D,115451
7697,D,115452
7697,G,115453
7697,F,115454
7698,B,115455
7698,G,115456
7698,A,115457
7698,B,115458
7698,A,115459
7698,A,115460
7698,C,115461
7698,G,115462
7698,E,115463
7698,G,115464
7698,A,115465
7698,A,115466
7698,D,115467
7698,C,115468
7698,F,115469
7699,B,115470
7699,A,115471
7699,E,115472
7699,C,115473
7699,E,115474
7699,G,115475
7699,C,115476
7699,A,115477
7699,G,115478
7699,A,115479
7699,A,115480
7699,C,115481
7699,A,115482
7699,D,115483
7699,F,115484
7700,B,115485
7700,A,115486
7700,D,115487
7700,D,115488
7700,B,115489
7700,C,115490
7700,A,115491
7700,A,115492
7700,B,115493
7700,A,115494
7700,C,115495
7700,E,115496
7700,D,115497
7700,D,115498
7700,F,115499
7701,B,115500
7701,E,115501
7701,G,115502
7701,E,115503
7701,A,115504
7701,D,115505
7701,C,115506
7701,G,115507
7701,G,115508
7701,E,115509
7701,C,115510
7701,C,115511
7701,A,115512
7701,E,115513
7701,F,115514
7702,B,115515
7702,E,115516
7702,G,115517
7702,B,115518
7702,D,115519
7702,B,115520
7702,B,115521
7702,A,115522
7702,B,115523
7702,B,115524
7702,B,115525
7702,G,115526
7702,C,115527
7702,E,115528
7702,F,115529
7703,B,115530
7703,B,115531
7703,D,115532
7703,D,115533
7703,E,115534
7703,C,115535
7703,D,115536
7703,D,115537
7703,E,115538
7703,A,115539
7703,D,115540
7703,D,115541
7703,C,115542
7703,A,115543
7703,F,115544
7704,B,115545
7704,E,115546
7704,C,115547
7704,A,115548
7704,A,115549
7704,C,115550
7704,G,115551
7704,B,115552
7704,C,115553
7704,A,115554
7704,C,115555
7704,E,115556
7704,E,115557
7704,D,115558
7704,F,115559
7705,B,115560
7705,C,115561
7705,C,115562
7705,G,115563
7705,E,115564
7705,B,115565
7705,D,115566
7705,G,115567
7705,E,115568
7705,A,115569
7705,E,115570
7705,B,115571
7705,E,115572
7705,E,115573
7705,F,115574
7706,B,115575
7706,A,115576
7706,G,115577
7706,D,115578
7706,A,115579
7706,D,115580
7706,D,115581
7706,A,115582
7706,G,115583
7706,B,115584
7706,C,115585
7706,A,115586
7706,E,115587
7706,D,115588
7706,F,115589
7707,B,115590
7707,A,115591
7707,A,115592
7707,A,115593
7707,A,115594
7707,B,115595
7707,B,115596
7707,D,115597
7707,C,115598
7707,C,115599
7707,A,115600
7707,E,115601
7707,E,115602
7707,C,115603
7707,F,115604
7708,B,115605
7708,C,115606
7708,E,115607
7708,A,115608
7708,C,115609
7708,C,115610
7708,D,115611
7708,E,115612
7708,A,115613
7708,G,115614
7708,A,115615
7708,G,115616
7708,C,115617
7708,A,115618
7708,F,115619
7709,B,115620
7709,E,115621
7709,A,115622
7709,E,115623
7709,C,115624
7709,C,115625
7709,G,115626
7709,E,115627
7709,G,115628
7709,B,115629
7709,D,115630
7709,B,115631
7709,G,115632
7709,E,115633
7709,F,115634
7710,B,115635
7710,C,115636
7710,B,115637
7710,D,115638
7710,A,115639
7710,A,115640
7710,D,115641
7710,D,115642
7710,E,115643
7710,D,115644
7710,B,115645
7710,E,115646
7710,A,115647
7710,G,115648
7710,F,115649
7711,B,115650
7711,B,115651
7711,D,115652
7711,A,115653
7711,B,115654
7711,A,115655
7711,E,115656
7711,C,115657
7711,G,115658
7711,B,115659
7711,A,115660
7711,E,115661
7711,B,115662
7711,B,115663
7711,F,115664
7712,B,115665
7712,B,115666
7712,C,115667
7712,G,115668
7712,G,115669
7712,C,115670
7712,C,115671
7712,B,115672
7712,D,115673
7712,E,115674
7712,A,115675
7712,G,115676
7712,B,115677
7712,B,115678
7712,F,115679
7713,B,115680
7713,D,115681
7713,A,115682
7713,E,115683
7713,D,115684
7713,B,115685
7713,E,115686
7713,A,115687
7713,D,115688
7713,A,115689
7713,A,115690
7713,B,115691
7713,G,115692
7713,D,115693
7713,F,115694
7714,B,115695
7714,D,115696
7714,B,115697
7714,C,115698
7714,C,115699
7714,B,115700
7714,C,115701
7714,A,115702
7714,B,115703
7714,D,115704
7714,A,115705
7714,A,115706
7714,B,115707
7714,A,115708
7714,F,115709
7715,B,115710
7715,A,115711
7715,C,115712
7715,D,115713
7715,E,115714
7715,E,115715
7715,A,115716
7715,D,115717
7715,E,115718
7715,C,115719
7715,D,115720
7715,A,115721
7715,A,115722
7715,C,115723
7715,F,115724
7716,B,115725
7716,B,115726
7716,E,115727
7716,B,115728
7716,C,115729
7716,A,115730
7716,A,115731
7716,D,115732
7716,D,115733
7716,C,115734
7716,B,115735
7716,A,115736
7716,A,115737
7716,E,115738
7716,F,115739
7717,B,115740
7717,B,115741
7717,C,115742
7717,B,115743
7717,B,115744
7717,D,115745
7717,E,115746
7717,D,115747
7717,G,115748
7717,A,115749
7717,A,115750
7717,E,115751
7717,E,115752
7717,D,115753
7717,F,115754
7718,B,115755
7718,A,115756
7718,C,115757
7718,C,115758
7718,C,115759
7718,G,115760
7718,G,115761
7718,G,115762
7718,D,115763
7718,D,115764
7718,A,115765
7718,C,115766
7718,A,115767
7718,A,115768
7718,F,115769
7719,B,115770
7719,A,115771
7719,A,115772
7719,A,115773
7719,D,115774
7719,D,115775
7719,C,115776
7719,C,115777
7719,G,115778
7719,A,115779
7719,A,115780
7719,B,115781
7719,B,115782
7719,D,115783
7719,F,115784
7720,B,115785
7720,B,115786
7720,C,115787
7720,G,115788
7720,A,115789
7720,G,115790
7720,G,115791
7720,G,115792
7720,B,115793
7720,C,115794
7720,C,115795
7720,A,115796
7720,B,115797
7720,B,115798
7720,F,115799
7721,B,115800
7721,B,115801
7721,E,115802
7721,A,115803
7721,E,115804
7721,B,115805
7721,C,115806
7721,A,115807
7721,A,115808
7721,B,115809
7721,E,115810
7721,G,115811
7721,A,115812
7721,B,115813
7721,F,115814
7722,B,115815
7722,C,115816
7722,C,115817
7722,E,115818
7722,G,115819
7722,D,115820
7722,E,115821
7722,A,115822
7722,B,115823
7722,G,115824
7722,E,115825
7722,B,115826
7722,C,115827
7722,G,115828
7722,F,115829
7723,B,115830
7723,E,115831
7723,D,115832
7723,B,115833
7723,B,115834
7723,B,115835
7723,D,115836
7723,A,115837
7723,E,115838
7723,A,115839
7723,A,115840
7723,C,115841
7723,D,115842
7723,A,115843
7723,F,115844
7724,B,115845
7724,D,115846
7724,A,115847
7724,C,115848
7724,G,115849
7724,C,115850
7724,E,115851
7724,A,115852
7724,A,115853
7724,A,115854
7724,E,115855
7724,E,115856
7724,A,115857
7724,B,115858
7724,F,115859
7725,B,115860
7725,E,115861
7725,D,115862
7725,D,115863
7725,D,115864
7725,G,115865
7725,E,115866
7725,E,115867
7725,B,115868
7725,A,115869
7725,G,115870
7725,G,115871
7725,G,115872
7725,B,115873
7725,F,115874
7726,B,115875
7726,E,115876
7726,B,115877
7726,G,115878
7726,B,115879
7726,A,115880
7726,B,115881
7726,D,115882
7726,A,115883
7726,A,115884
7726,A,115885
7726,E,115886
7726,B,115887
7726,C,115888
7726,F,115889
7727,B,115890
7727,D,115891
7727,A,115892
7727,A,115893
7727,A,115894
7727,E,115895
7727,G,115896
7727,D,115897
7727,D,115898
7727,C,115899
7727,A,115900
7727,C,115901
7727,C,115902
7727,D,115903
7727,F,115904
7728,B,115905
7728,A,115906
7728,G,115907
7728,B,115908
7728,G,115909
7728,B,115910
7728,A,115911
7728,E,115912
7728,E,115913
7728,D,115914
7728,C,115915
7728,E,115916
7728,G,115917
7728,C,115918
7728,F,115919
7729,B,115920
7729,C,115921
7729,D,115922
7729,E,115923
7729,D,115924
7729,A,115925
7729,A,115926
7729,D,115927
7729,C,115928
7729,E,115929
7729,A,115930
7729,C,115931
7729,C,115932
7729,A,115933
7729,F,115934
7730,B,115935
7730,E,115936
7730,B,115937
7730,B,115938
7730,E,115939
7730,E,115940
7730,C,115941
7730,A,115942
7730,A,115943
7730,E,115944
7730,B,115945
7730,E,115946
7730,D,115947
7730,C,115948
7730,F,115949
7731,B,115950
7731,C,115951
7731,E,115952
7731,G,115953
7731,A,115954
7731,G,115955
7731,B,115956
7731,G,115957
7731,B,115958
7731,B,115959
7731,A,115960
7731,A,115961
7731,A,115962
7731,E,115963
7731,F,115964
7732,B,115965
7732,B,115966
7732,D,115967
7732,G,115968
7732,D,115969
7732,D,115970
7732,D,115971
7732,A,115972
7732,E,115973
7732,G,115974
7732,C,115975
7732,A,115976
7732,D,115977
7732,B,115978
7732,F,115979
7733,B,115980
7733,B,115981
7733,G,115982
7733,G,115983
7733,G,115984
7733,A,115985
7733,A,115986
7733,E,115987
7733,G,115988
7733,A,115989
7733,A,115990
7733,G,115991
7733,G,115992
7733,E,115993
7733,F,115994
7734,B,115995
7734,D,115996
7734,B,115997
7734,E,115998
7734,E,115999
7734,E,116000
7734,E,116001
7734,A,116002
7734,A,116003
7734,C,116004
7734,E,116005
7734,D,116006
7734,D,116007
7734,B,116008
7734,F,116009
7735,B,116010
7735,G,116011
7735,A,116012
7735,B,116013
7735,D,116014
7735,E,116015
7735,G,116016
7735,C,116017
7735,B,116018
7735,E,116019
7735,A,116020
7735,D,116021
7735,A,116022
7735,B,116023
7735,F,116024
7736,B,116025
7736,D,116026
7736,D,116027
7736,C,116028
7736,A,116029
7736,B,116030
7736,B,116031
7736,B,116032
7736,A,116033
7736,E,116034
7736,A,116035
7736,A,116036
7736,E,116037
7736,D,116038
7736,F,116039
7737,B,116040
7737,G,116041
7737,D,116042
7737,E,116043
7737,C,116044
7737,G,116045
7737,G,116046
7737,C,116047
7737,G,116048
7737,A,116049
7737,A,116050
7737,E,116051
7737,B,116052
7737,D,116053
7737,F,116054
7738,B,116055
7738,A,116056
7738,D,116057
7738,B,116058
7738,B,116059
7738,G,116060
7738,A,116061
7738,A,116062
7738,B,116063
7738,G,116064
7738,E,116065
7738,D,116066
7738,D,116067
7738,D,116068
7738,F,116069
7739,B,116070
7739,B,116071
7739,D,116072
7739,A,116073
7739,D,116074
7739,B,116075
7739,B,116076
7739,E,116077
7739,E,116078
7739,D,116079
7739,A,116080
7739,E,116081
7739,C,116082
7739,A,116083
7739,F,116084
7740,B,116085
7740,C,116086
7740,C,116087
7740,D,116088
7740,A,116089
7740,E,116090
7740,E,116091
7740,E,116092
7740,C,116093
7740,E,116094
7740,G,116095
7740,B,116096
7740,C,116097
7740,C,116098
7740,F,116099
7741,B,116100
7741,E,116101
7741,G,116102
7741,C,116103
7741,A,116104
7741,B,116105
7741,B,116106
7741,E,116107
7741,B,116108
7741,G,116109
7741,C,116110
7741,B,116111
7741,G,116112
7741,B,116113
7741,F,116114
7742,B,116115
7742,B,116116
7742,E,116117
7742,C,116118
7742,G,116119
7742,D,116120
7742,G,116121
7742,D,116122
7742,B,116123
7742,D,116124
7742,E,116125
7742,C,116126
7742,E,116127
7742,E,116128
7742,F,116129
7743,B,116130
7743,A,116131
7743,A,116132
7743,A,116133
7743,E,116134
7743,G,116135
7743,B,116136
7743,E,116137
7743,B,116138
7743,E,116139
7743,C,116140
7743,A,116141
7743,D,116142
7743,G,116143
7743,F,116144
7744,B,116145
7744,B,116146
7744,G,116147
7744,C,116148
7744,C,116149
7744,G,116150
7744,C,116151
7744,G,116152
7744,B,116153
7744,B,116154
7744,A,116155
7744,B,116156
7744,E,116157
7744,E,116158
7744,F,116159
7745,B,116160
7745,G,116161
7745,G,116162
7745,B,116163
7745,E,116164
7745,A,116165
7745,D,116166
7745,A,116167
7745,G,116168
7745,E,116169
7745,D,116170
7745,B,116171
7745,A,116172
7745,A,116173
7745,F,116174
7746,B,116175
7746,G,116176
7746,C,116177
7746,E,116178
7746,A,116179
7746,E,116180
7746,E,116181
7746,D,116182
7746,B,116183
7746,G,116184
7746,G,116185
7746,G,116186
7746,C,116187
7746,G,116188
7746,F,116189
7747,B,116190
7747,D,116191
7747,D,116192
7747,D,116193
7747,C,116194
7747,D,116195
7747,B,116196
7747,B,116197
7747,D,116198
7747,D,116199
7747,A,116200
7747,A,116201
7747,G,116202
7747,D,116203
7747,F,116204
7748,B,116205
7748,G,116206
7748,C,116207
7748,E,116208
7748,C,116209
7748,B,116210
7748,G,116211
7748,E,116212
7748,E,116213
7748,A,116214
7748,E,116215
7748,A,116216
7748,C,116217
7748,B,116218
7748,F,116219
7749,B,116220
7749,G,116221
7749,A,116222
7749,G,116223
7749,D,116224
7749,E,116225
7749,A,116226
7749,D,116227
7749,C,116228
7749,C,116229
7749,E,116230
7749,D,116231
7749,D,116232
7749,C,116233
7749,F,116234
7750,B,116235
7750,E,116236
7750,D,116237
7750,C,116238
7750,D,116239
7750,D,116240
7750,C,116241
7750,D,116242
7750,E,116243
7750,B,116244
7750,B,116245
7750,C,116246
7750,D,116247
7750,C,116248
7750,F,116249
7751,B,116250
7751,E,116251
7751,E,116252
7751,A,116253
7751,E,116254
7751,B,116255
7751,C,116256
7751,E,116257
7751,D,116258
7751,G,116259
7751,B,116260
7751,E,116261
7751,C,116262
7751,G,116263
7751,F,116264
7752,B,116265
7752,C,116266
7752,G,116267
7752,G,116268
7752,D,116269
7752,A,116270
7752,E,116271
7752,E,116272
7752,E,116273
7752,A,116274
7752,A,116275
7752,G,116276
7752,C,116277
7752,C,116278
7752,F,116279
7753,B,116280
7753,C,116281
7753,G,116282
7753,A,116283
7753,G,116284
7753,A,116285
7753,B,116286
7753,D,116287
7753,D,116288
7753,E,116289
7753,G,116290
7753,D,116291
7753,G,116292
7753,E,116293
7753,F,116294
7754,B,116295
7754,A,116296
7754,G,116297
7754,G,116298
7754,A,116299
7754,E,116300
7754,C,116301
7754,B,116302
7754,B,116303
7754,B,116304
7754,B,116305
7754,G,116306
7754,C,116307
7754,B,116308
7754,F,116309
7755,B,116310
7755,B,116311
7755,B,116312
7755,D,116313
7755,E,116314
7755,D,116315
7755,D,116316
7755,A,116317
7755,E,116318
7755,E,116319
7755,A,116320
7755,G,116321
7755,B,116322
7755,G,116323
7755,F,116324
7756,B,116325
7756,D,116326
7756,C,116327
7756,B,116328
7756,G,116329
7756,B,116330
7756,G,116331
7756,C,116332
7756,B,116333
7756,D,116334
7756,D,116335
7756,G,116336
7756,A,116337
7756,C,116338
7756,F,116339
7757,B,116340
7757,D,116341
7757,D,116342
7757,C,116343
7757,C,116344
7757,E,116345
7757,B,116346
7757,B,116347
7757,C,116348
7757,C,116349
7757,E,116350
7757,C,116351
7757,B,116352
7757,G,116353
7757,F,116354
7758,B,116355
7758,E,116356
7758,A,116357
7758,C,116358
7758,A,116359
7758,C,116360
7758,B,116361
7758,C,116362
7758,E,116363
7758,E,116364
7758,E,116365
7758,B,116366
7758,B,116367
7758,B,116368
7758,F,116369
7759,B,116370
7759,B,116371
7759,D,116372
7759,C,116373
7759,C,116374
7759,G,116375
7759,D,116376
7759,G,116377
7759,G,116378
7759,C,116379
7759,E,116380
7759,G,116381
7759,B,116382
7759,D,116383
7759,F,116384
7760,B,116385
7760,E,116386
7760,G,116387
7760,D,116388
7760,A,116389
7760,B,116390
7760,D,116391
7760,E,116392
7760,A,116393
7760,D,116394
7760,B,116395
7760,D,116396
7760,E,116397
7760,E,116398
7760,F,116399
7761,B,116400
7761,A,116401
7761,B,116402
7761,C,116403
7761,E,116404
7761,C,116405
7761,G,116406
7761,C,116407
7761,B,116408
7761,B,116409
7761,E,116410
7761,A,116411
7761,B,116412
7761,B,116413
7761,F,116414
7762,B,116415
7762,E,116416
7762,A,116417
7762,A,116418
7762,A,116419
7762,E,116420
7762,A,116421
7762,B,116422
7762,E,116423
7762,G,116424
7762,G,116425
7762,C,116426
7762,C,116427
7762,E,116428
7762,F,116429
7763,B,116430
7763,B,116431
7763,E,116432
7763,D,116433
7763,C,116434
7763,A,116435
7763,E,116436
7763,E,116437
7763,E,116438
7763,C,116439
7763,C,116440
7763,G,116441
7763,B,116442
7763,E,116443
7763,F,116444
7764,B,116445
7764,D,116446
7764,E,116447
7764,G,116448
7764,D,116449
7764,C,116450
7764,D,116451
7764,G,116452
7764,B,116453
7764,E,116454
7764,G,116455
7764,E,116456
7764,E,116457
7764,B,116458
7764,F,116459
7765,B,116460
7765,G,116461
7765,A,116462
7765,D,116463
7765,C,116464
7765,C,116465
7765,C,116466
7765,C,116467
7765,A,116468
7765,D,116469
7765,B,116470
7765,A,116471
7765,G,116472
7765,A,116473
7765,F,116474
7766,B,116475
7766,E,116476
7766,A,116477
7766,D,116478
7766,C,116479
7766,D,116480
7766,E,116481
7766,E,116482
7766,B,116483
7766,A,116484
7766,E,116485
7766,D,116486
7766,E,116487
7766,A,116488
7766,F,116489
7767,B,116490
7767,E,116491
7767,G,116492
7767,B,116493
7767,C,116494
7767,D,116495
7767,G,116496
7767,D,116497
7767,D,116498
7767,D,116499
7767,G,116500
7767,G,116501
7767,B,116502
7767,D,116503
7767,F,116504
7768,B,116505
7768,D,116506
7768,D,116507
7768,G,116508
7768,A,116509
7768,D,116510
7768,C,116511
7768,G,116512
7768,A,116513
7768,B,116514
7768,B,116515
7768,E,116516
7768,G,116517
7768,C,116518
7768,F,116519
7769,B,116520
7769,B,116521
7769,G,116522
7769,A,116523
7769,G,116524
7769,E,116525
7769,G,116526
7769,D,116527
7769,A,116528
7769,B,116529
7769,G,116530
7769,G,116531
7769,G,116532
7769,B,116533
7769,F,116534
7770,B,116535
7770,E,116536
7770,A,116537
7770,D,116538
7770,B,116539
7770,B,116540
7770,E,116541
7770,G,116542
7770,G,116543
7770,B,116544
7770,G,116545
7770,G,116546
7770,E,116547
7770,B,116548
7770,F,116549
7771,B,116550
7771,E,116551
7771,A,116552
7771,B,116553
7771,B,116554
7771,B,116555
7771,D,116556
7771,D,116557
7771,C,116558
7771,D,116559
7771,D,116560
7771,G,116561
7771,C,116562
7771,E,116563
7771,F,116564
7772,B,116565
7772,C,116566
7772,B,116567
7772,A,116568
7772,C,116569
7772,D,116570
7772,E,116571
7772,A,116572
7772,C,116573
7772,G,116574
7772,E,116575
7772,B,116576
7772,A,116577
7772,C,116578
7772,F,116579
7773,B,116580
7773,B,116581
7773,G,116582
7773,C,116583
7773,A,116584
7773,G,116585
7773,E,116586
7773,G,116587
7773,D,116588
7773,C,116589
7773,E,116590
7773,D,116591
7773,A,116592
7773,A,116593
7773,F,116594
7774,B,116595
7774,D,116596
7774,B,116597
7774,G,116598
7774,G,116599
7774,G,116600
7774,D,116601
7774,C,116602
7774,E,116603
7774,B,116604
7774,G,116605
7774,B,116606
7774,G,116607
7774,D,116608
7774,F,116609
7775,B,116610
7775,G,116611
7775,B,116612
7775,C,116613
7775,D,116614
7775,E,116615
7775,B,116616
7775,B,116617
7775,G,116618
7775,E,116619
7775,B,116620
7775,A,116621
7775,D,116622
7775,A,116623
7775,F,116624
7776,B,116625
7776,G,116626
7776,A,116627
7776,D,116628
7776,D,116629
7776,C,116630
7776,G,116631
7776,C,116632
7776,C,116633
7776,C,116634
7776,B,116635
7776,C,116636
7776,B,116637
7776,D,116638
7776,F,116639
7777,B,116640
7777,E,116641
7777,G,116642
7777,G,116643
7777,C,116644
7777,D,116645
7777,G,116646
7777,A,116647
7777,G,116648
7777,B,116649
7777,A,116650
7777,D,116651
7777,A,116652
7777,E,116653
7777,F,116654
7778,B,116655
7778,E,116656
7778,C,116657
7778,C,116658
7778,D,116659
7778,B,116660
7778,E,116661
7778,E,116662
7778,A,116663
7778,A,116664
7778,D,116665
7778,D,116666
7778,G,116667
7778,A,116668
7778,F,116669
7779,B,116670
7779,E,116671
7779,G,116672
7779,G,116673
7779,B,116674
7779,G,116675
7779,E,116676
7779,G,116677
7779,G,116678
7779,A,116679
7779,E,116680
7779,D,116681
7779,A,116682
7779,E,116683
7779,F,116684
7780,B,116685
7780,G,116686
7780,B,116687
7780,B,116688
7780,C,116689
7780,C,116690
7780,B,116691
7780,G,116692
7780,E,116693
7780,C,116694
7780,A,116695
7780,A,116696
7780,C,116697
7780,A,116698
7780,F,116699
7781,B,116700
7781,C,116701
7781,A,116702
7781,G,116703
7781,G,116704
7781,D,116705
7781,G,116706
7781,B,116707
7781,E,116708
7781,G,116709
7781,D,116710
7781,B,116711
7781,E,116712
7781,E,116713
7781,F,116714
7782,B,116715
7782,D,116716
7782,E,116717
7782,A,116718
7782,B,116719
7782,D,116720
7782,B,116721
7782,G,116722
7782,B,116723
7782,A,116724
7782,C,116725
7782,G,116726
7782,C,116727
7782,D,116728
7782,F,116729
7783,B,116730
7783,D,116731
7783,B,116732
7783,A,116733
7783,E,116734
7783,E,116735
7783,A,116736
7783,D,116737
7783,B,116738
7783,G,116739
7783,B,116740
7783,G,116741
7783,D,116742
7783,E,116743
7783,F,116744
7784,B,116745
7784,C,116746
7784,G,116747
7784,B,116748
7784,C,116749
7784,C,116750
7784,A,116751
7784,G,116752
7784,C,116753
7784,D,116754
7784,E,116755
7784,E,116756
7784,D,116757
7784,B,116758
7784,F,116759
7785,B,116760
7785,D,116761
7785,A,116762
7785,D,116763
7785,C,116764
7785,C,116765
7785,E,116766
7785,C,116767
7785,D,116768
7785,B,116769
7785,D,116770
7785,B,116771
7785,E,116772
7785,C,116773
7785,F,116774
7786,B,116775
7786,E,116776
7786,E,116777
7786,D,116778
7786,A,116779
7786,B,116780
7786,B,116781
7786,A,116782
7786,G,116783
7786,C,116784
7786,A,116785
7786,G,116786
7786,G,116787
7786,B,116788
7786,F,116789
7787,B,116790
7787,D,116791
7787,B,116792
7787,D,116793
7787,B,116794
7787,D,116795
7787,B,116796
7787,A,116797
7787,C,116798
7787,E,116799
7787,C,116800
7787,E,116801
7787,G,116802
7787,D,116803
7787,F,116804
7788,B,116805
7788,D,116806
7788,A,116807
7788,D,116808
7788,A,116809
7788,B,116810
7788,D,116811
7788,D,116812
7788,B,116813
7788,E,116814
7788,D,116815
7788,B,116816
7788,E,116817
7788,E,116818
7788,F,116819
7789,B,116820
7789,C,116821
7789,G,116822
7789,C,116823
7789,G,116824
7789,B,116825
7789,B,116826
7789,E,116827
7789,E,116828
7789,A,116829
7789,G,116830
7789,C,116831
7789,B,116832
7789,B,116833
7789,F,116834
7790,B,116835
7790,G,116836
7790,E,116837
7790,A,116838
7790,B,116839
7790,G,116840
7790,C,116841
7790,B,116842
7790,B,116843
7790,E,116844
7790,E,116845
7790,C,116846
7790,A,116847
7790,B,116848
7790,F,116849
7791,B,116850
7791,B,116851
7791,D,116852
7791,A,116853
7791,A,116854
7791,B,116855
7791,E,116856
7791,E,116857
7791,B,116858
7791,C,116859
7791,C,116860
7791,A,116861
7791,D,116862
7791,C,116863
7791,F,116864
7792,B,116865
7792,G,116866
7792,E,116867
7792,B,116868
7792,A,116869
7792,D,116870
7792,A,116871
7792,E,116872
7792,E,116873
7792,G,116874
7792,D,116875
7792,B,116876
7792,D,116877
7792,B,116878
7792,F,116879
7793,B,116880
7793,C,116881
7793,C,116882
7793,D,116883
7793,C,116884
7793,B,116885
7793,G,116886
7793,A,116887
7793,C,116888
7793,E,116889
7793,A,116890
7793,G,116891
7793,B,116892
7793,B,116893
7793,F,116894
7794,B,116895
7794,E,116896
7794,A,116897
7794,C,116898
7794,A,116899
7794,G,116900
7794,E,116901
7794,G,116902
7794,G,116903
7794,D,116904
7794,A,116905
7794,G,116906
7794,D,116907
7794,B,116908
7794,F,116909
7795,B,116910
7795,G,116911
7795,D,116912
7795,E,116913
7795,B,116914
7795,C,116915
7795,C,116916
7795,B,116917
7795,B,116918
7795,E,116919
7795,B,116920
7795,C,116921
7795,A,116922
7795,C,116923
7795,F,116924
7796,B,116925
7796,G,116926
7796,A,116927
7796,C,116928
7796,E,116929
7796,G,116930
7796,D,116931
7796,A,116932
7796,C,116933
7796,C,116934
7796,D,116935
7796,B,116936
7796,B,116937
7796,E,116938
7796,F,116939
7797,B,116940
7797,B,116941
7797,A,116942
7797,A,116943
7797,A,116944
7797,E,116945
7797,G,116946
7797,C,116947
7797,B,116948
7797,B,116949
7797,E,116950
7797,A,116951
7797,C,116952
7797,D,116953
7797,F,116954
7798,B,116955
7798,E,116956
7798,B,116957
7798,G,116958
7798,B,116959
7798,C,116960
7798,E,116961
7798,D,116962
7798,E,116963
7798,D,116964
7798,G,116965
7798,G,116966
7798,C,116967
7798,C,116968
7798,F,116969
7799,B,116970
7799,G,116971
7799,D,116972
7799,B,116973
7799,E,116974
7799,A,116975
7799,E,116976
7799,A,116977
7799,C,116978
7799,A,116979
7799,C,116980
7799,A,116981
7799,D,116982
7799,E,116983
7799,F,116984
7800,B,116985
7800,C,116986
7800,C,116987
7800,B,116988
7800,A,116989
7800,A,116990
7800,B,116991
7800,G,116992
7800,C,116993
7800,C,116994
7800,D,116995
7800,D,116996
7800,B,116997
7800,G,116998
7800,F,116999
7801,B,117000
7801,D,117001
7801,E,117002
7801,G,117003
7801,D,117004
7801,A,117005
7801,B,117006
7801,B,117007
7801,C,117008
7801,D,117009
7801,D,117010
7801,G,117011
7801,E,117012
7801,E,117013
7801,F,117014
7802,B,117015
7802,C,117016
7802,E,117017
7802,A,117018
7802,G,117019
7802,G,117020
7802,B,117021
7802,A,117022
7802,D,117023
7802,E,117024
7802,G,117025
7802,E,117026
7802,E,117027
7802,E,117028
7802,F,117029
7803,B,117030
7803,D,117031
7803,G,117032
7803,A,117033
7803,B,117034
7803,E,117035
7803,D,117036
7803,E,117037
7803,G,117038
7803,E,117039
7803,E,117040
7803,E,117041
7803,E,117042
7803,B,117043
7803,F,117044
7804,B,117045
7804,G,117046
7804,C,117047
7804,G,117048
7804,G,117049
7804,D,117050
7804,E,117051
7804,B,117052
7804,D,117053
7804,A,117054
7804,D,117055
7804,G,117056
7804,A,117057
7804,A,117058
7804,F,117059
7805,B,117060
7805,D,117061
7805,E,117062
7805,B,117063
7805,E,117064
7805,C,117065
7805,C,117066
7805,B,117067
7805,D,117068
7805,A,117069
7805,A,117070
7805,E,117071
7805,A,117072
7805,E,117073
7805,F,117074
7806,B,117075
7806,E,117076
7806,D,117077
7806,D,117078
7806,E,117079
7806,C,117080
7806,B,117081
7806,B,117082
7806,E,117083
7806,G,117084
7806,D,117085
7806,C,117086
7806,C,117087
7806,D,117088
7806,F,117089
7807,B,117090
7807,E,117091
7807,B,117092
7807,E,117093
7807,C,117094
7807,A,117095
7807,B,117096
7807,A,117097
7807,B,117098
7807,A,117099
7807,G,117100
7807,D,117101
7807,C,117102
7807,A,117103
7807,F,117104
7808,B,117105
7808,B,117106
7808,E,117107
7808,E,117108
7808,A,117109
7808,B,117110
7808,D,117111
7808,A,117112
7808,A,117113
7808,D,117114
7808,A,117115
7808,B,117116
7808,B,117117
7808,E,117118
7808,F,117119
7809,B,117120
7809,E,117121
7809,G,117122
7809,B,117123
7809,G,117124
7809,E,117125
7809,B,117126
7809,C,117127
7809,A,117128
7809,E,117129
7809,A,117130
7809,E,117131
7809,D,117132
7809,E,117133
7809,F,117134
7810,B,117135
7810,D,117136
7810,A,117137
7810,E,117138
7810,B,117139
7810,E,117140
7810,B,117141
7810,C,117142
7810,E,117143
7810,A,117144
7810,C,117145
7810,G,117146
7810,G,117147
7810,G,117148
7810,F,117149
7811,B,117150
7811,E,117151
7811,G,117152
7811,C,117153
7811,E,117154
7811,A,117155
7811,C,117156
7811,D,117157
7811,B,117158
7811,C,117159
7811,G,117160
7811,A,117161
7811,B,117162
7811,B,117163
7811,F,117164
7812,B,117165
7812,G,117166
7812,A,117167
7812,E,117168
7812,G,117169
7812,D,117170
7812,B,117171
7812,E,117172
7812,E,117173
7812,D,117174
7812,B,117175
7812,E,117176
7812,B,117177
7812,E,117178
7812,F,117179
7813,B,117180
7813,C,117181
7813,B,117182
7813,D,117183
7813,D,117184
7813,E,117185
7813,E,117186
7813,E,117187
7813,G,117188
7813,B,117189
7813,B,117190
7813,B,117191
7813,E,117192
7813,D,117193
7813,F,117194
7814,B,117195
7814,E,117196
7814,B,117197
7814,E,117198
7814,E,117199
7814,G,117200
7814,B,117201
7814,D,117202
7814,E,117203
7814,G,117204
7814,B,117205
7814,E,117206
7814,C,117207
7814,C,117208
7814,F,117209
7815,B,117210
7815,C,117211
7815,D,117212
7815,A,117213
7815,A,117214
7815,E,117215
7815,E,117216
7815,A,117217
7815,G,117218
7815,C,117219
7815,A,117220
7815,D,117221
7815,A,117222
7815,A,117223
7815,F,117224
7816,B,117225
7816,B,117226
7816,A,117227
7816,C,117228
7816,A,117229
7816,A,117230
7816,D,117231
7816,G,117232
7816,G,117233
7816,C,117234
7816,A,117235
7816,E,117236
7816,D,117237
7816,A,117238
7816,F,117239
7817,B,117240
7817,D,117241
7817,C,117242
7817,G,117243
7817,D,117244
7817,G,117245
7817,A,117246
7817,G,117247
7817,E,117248
7817,B,117249
7817,A,117250
7817,G,117251
7817,A,117252
7817,D,117253
7817,F,117254
7818,B,117255
7818,G,117256
7818,A,117257
7818,E,117258
7818,G,117259
7818,D,117260
7818,B,117261
7818,C,117262
7818,A,117263
7818,G,117264
7818,G,117265
7818,E,117266
7818,C,117267
7818,C,117268
7818,F,117269
7819,B,117270
7819,G,117271
7819,A,117272
7819,D,117273
7819,C,117274
7819,C,117275
7819,E,117276
7819,E,117277
7819,G,117278
7819,C,117279
7819,G,117280
7819,B,117281
7819,D,117282
7819,C,117283
7819,F,117284
7820,B,117285
7820,G,117286
7820,B,117287
7820,C,117288
7820,B,117289
7820,E,117290
7820,G,117291
7820,E,117292
7820,B,117293
7820,D,117294
7820,A,117295
7820,A,117296
7820,D,117297
7820,A,117298
7820,F,117299
7821,B,117300
7821,D,117301
7821,G,117302
7821,E,117303
7821,C,117304
7821,D,117305
7821,G,117306
7821,A,117307
7821,C,117308
7821,G,117309
7821,A,117310
7821,C,117311
7821,B,117312
7821,G,117313
7821,F,117314
7822,B,117315
7822,E,117316
7822,A,117317
7822,D,117318
7822,E,117319
7822,B,117320
7822,E,117321
7822,A,117322
7822,E,117323
7822,D,117324
7822,C,117325
7822,G,117326
7822,C,117327
7822,B,117328
7822,F,117329
7823,B,117330
7823,E,117331
7823,E,117332
7823,D,117333
7823,C,117334
7823,B,117335
7823,D,117336
7823,E,117337
7823,G,117338
7823,E,117339
7823,B,117340
7823,D,117341
7823,B,117342
7823,D,117343
7823,F,117344
7824,B,117345
7824,D,117346
7824,E,117347
7824,G,117348
7824,G,117349
7824,C,117350
7824,D,117351
7824,D,117352
7824,C,117353
7824,A,117354
7824,D,117355
7824,E,117356
7824,G,117357
7824,B,117358
7824,F,117359
7825,B,117360
7825,D,117361
7825,D,117362
7825,D,117363
7825,G,117364
7825,D,117365
7825,C,117366
7825,B,117367
7825,D,117368
7825,G,117369
7825,A,117370
7825,G,117371
7825,A,117372
7825,A,117373
7825,F,117374
7826,B,117375
7826,D,117376
7826,A,117377
7826,C,117378
7826,E,117379
7826,E,117380
7826,A,117381
7826,C,117382
7826,G,117383
7826,C,117384
7826,E,117385
7826,C,117386
7826,D,117387
7826,B,117388
7826,F,117389
7827,B,117390
7827,C,117391
7827,C,117392
7827,D,117393
7827,D,117394
7827,C,117395
7827,G,117396
7827,B,117397
7827,C,117398
7827,B,117399
7827,G,117400
7827,G,117401
7827,D,117402
7827,G,117403
7827,F,117404
7828,B,117405
7828,B,117406
7828,D,117407
7828,C,117408
7828,D,117409
7828,B,117410
7828,B,117411
7828,B,117412
7828,D,117413
7828,D,117414
7828,G,117415
7828,C,117416
7828,A,117417
7828,A,117418
7828,F,117419
7829,B,117420
7829,D,117421
7829,B,117422
7829,C,117423
7829,D,117424
7829,A,117425
7829,A,117426
7829,A,117427
7829,D,117428
7829,B,117429
7829,A,117430
7829,B,117431
7829,G,117432
7829,D,117433
7829,F,117434
7830,B,117435
7830,D,117436
7830,E,117437
7830,D,117438
7830,B,117439
7830,G,117440
7830,A,117441
7830,D,117442
7830,D,117443
7830,A,117444
7830,D,117445
7830,G,117446
7830,D,117447
7830,E,117448
7830,F,117449
7831,B,117450
7831,B,117451
7831,D,117452
7831,E,117453
7831,D,117454
7831,A,117455
7831,A,117456
7831,D,117457
7831,E,117458
7831,A,117459
7831,D,117460
7831,E,117461
7831,E,117462
7831,B,117463
7831,F,117464
7832,B,117465
7832,B,117466
7832,C,117467
7832,C,117468
7832,G,117469
7832,E,117470
7832,A,117471
7832,E,117472
7832,G,117473
7832,D,117474
7832,E,117475
7832,E,117476
7832,E,117477
7832,D,117478
7832,F,117479
7833,B,117480
7833,B,117481
7833,C,117482
7833,E,117483
7833,C,117484
7833,G,117485
7833,D,117486
7833,B,117487
7833,G,117488
7833,D,117489
7833,G,117490
7833,B,117491
7833,C,117492
7833,C,117493
7833,F,117494
7834,B,117495
7834,B,117496
7834,E,117497
7834,E,117498
7834,C,117499
7834,B,117500
7834,B,117501
7834,G,117502
7834,A,117503
7834,B,117504
7834,E,117505
7834,D,117506
7834,B,117507
7834,E,117508
7834,F,117509
7835,B,117510
7835,E,117511
7835,C,117512
7835,G,117513
7835,D,117514
7835,G,117515
7835,A,117516
7835,D,117517
7835,A,117518
7835,E,117519
7835,B,117520
7835,B,117521
7835,E,117522
7835,C,117523
7835,F,117524
7836,B,117525
7836,G,117526
7836,B,117527
7836,G,117528
7836,D,117529
7836,G,117530
7836,B,117531
7836,B,117532
7836,B,117533
7836,G,117534
7836,A,117535
7836,D,117536
7836,B,117537
7836,D,117538
7836,F,117539
7837,B,117540
7837,E,117541
7837,B,117542
7837,D,117543
7837,A,117544
7837,E,117545
7837,D,117546
7837,G,117547
7837,C,117548
7837,D,117549
7837,E,117550
7837,G,117551
7837,D,117552
7837,A,117553
7837,F,117554
7838,B,117555
7838,A,117556
7838,D,117557
7838,C,117558
7838,B,117559
7838,A,117560
7838,C,117561
7838,E,117562
7838,D,117563
7838,B,117564
7838,A,117565
7838,G,117566
7838,A,117567
7838,E,117568
7838,F,117569
7839,B,117570
7839,A,117571
7839,D,117572
7839,D,117573
7839,B,117574
7839,B,117575
7839,E,117576
7839,A,117577
7839,E,117578
7839,G,117579
7839,D,117580
7839,E,117581
7839,D,117582
7839,D,117583
7839,F,117584
7840,B,117585
7840,C,117586
7840,D,117587
7840,C,117588
7840,A,117589
7840,C,117590
7840,A,117591
7840,G,117592
7840,G,117593
7840,E,117594
7840,D,117595
7840,C,117596
7840,D,117597
7840,A,117598
7840,F,117599
7841,B,117600
7841,D,117601
7841,B,117602
7841,G,117603
7841,A,117604
7841,A,117605
7841,C,117606
7841,C,117607
7841,E,117608
7841,B,117609
7841,E,117610
7841,C,117611
7841,A,117612
7841,C,117613
7841,F,117614
7842,B,117615
7842,E,117616
7842,C,117617
7842,C,117618
7842,G,117619
7842,C,117620
7842,B,117621
7842,E,117622
7842,E,117623
7842,C,117624
7842,C,117625
7842,G,117626
7842,D,117627
7842,A,117628
7842,F,117629
7843,B,117630
7843,D,117631
7843,B,117632
7843,B,117633
7843,D,117634
7843,A,117635
7843,A,117636
7843,A,117637
7843,G,117638
7843,B,117639
7843,D,117640
7843,B,117641
7843,D,117642
7843,G,117643
7843,F,117644
7844,B,117645
7844,B,117646
7844,D,117647
7844,D,117648
7844,E,117649
7844,G,117650
7844,B,117651
7844,B,117652
7844,C,117653
7844,B,117654
7844,B,117655
7844,B,117656
7844,B,117657
7844,C,117658
7844,F,117659
7845,B,117660
7845,B,117661
7845,E,117662
7845,E,117663
7845,E,117664
7845,D,117665
7845,E,117666
7845,C,117667
7845,B,117668
7845,D,117669
7845,D,117670
7845,B,117671
7845,D,117672
7845,B,117673
7845,F,117674
7846,B,117675
7846,A,117676
7846,B,117677
7846,C,117678
7846,C,117679
7846,A,117680
7846,D,117681
7846,C,117682
7846,B,117683
7846,A,117684
7846,D,117685
7846,B,117686
7846,B,117687
7846,G,117688
7846,F,117689
7847,B,117690
7847,B,117691
7847,B,117692
7847,E,117693
7847,C,117694
7847,G,117695
7847,C,117696
7847,C,117697
7847,D,117698
7847,B,117699
7847,C,117700
7847,A,117701
7847,D,117702
7847,A,117703
7847,F,117704
7848,B,117705
7848,B,117706
7848,C,117707
7848,B,117708
7848,B,117709
7848,E,117710
7848,D,117711
7848,B,117712
7848,D,117713
7848,B,117714
7848,C,117715
7848,A,117716
7848,A,117717
7848,D,117718
7848,F,117719
7849,B,117720
7849,B,117721
7849,A,117722
7849,B,117723
7849,E,117724
7849,G,117725
7849,C,117726
7849,A,117727
7849,D,117728
7849,E,117729
7849,D,117730
7849,D,117731
7849,G,117732
7849,A,117733
7849,F,117734
7850,B,117735
7850,D,117736
7850,B,117737
7850,B,117738
7850,G,117739
7850,B,117740
7850,E,117741
7850,D,117742
7850,E,117743
7850,A,117744
7850,B,117745
7850,B,117746
7850,D,117747
7850,A,117748
7850,F,117749
7851,B,117750
7851,G,117751
7851,G,117752
7851,C,117753
7851,B,117754
7851,A,117755
7851,A,117756
7851,D,117757
7851,A,117758
7851,B,117759
7851,E,117760
7851,B,117761
7851,D,117762
7851,G,117763
7851,F,117764
7852,B,117765
7852,B,117766
7852,G,117767
7852,C,117768
7852,A,117769
7852,A,117770
7852,B,117771
7852,G,117772
7852,E,117773
7852,A,117774
7852,A,117775
7852,E,117776
7852,C,117777
7852,E,117778
7852,F,117779
7853,B,117780
7853,G,117781
7853,C,117782
7853,E,117783
7853,G,117784
7853,D,117785
7853,B,117786
7853,D,117787
7853,C,117788
7853,G,117789
7853,G,117790
7853,B,117791
7853,G,117792
7853,D,117793
7853,F,117794
7854,B,117795
7854,A,117796
7854,E,117797
7854,G,117798
7854,D,117799
7854,A,117800
7854,D,117801
7854,D,117802
7854,E,117803
7854,E,117804
7854,G,117805
7854,A,117806
7854,E,117807
7854,D,117808
7854,F,117809
7855,B,117810
7855,D,117811
7855,A,117812
7855,A,117813
7855,G,117814
7855,B,117815
7855,C,117816
7855,C,117817
7855,C,117818
7855,E,117819
7855,E,117820
7855,B,117821
7855,A,117822
7855,E,117823
7855,F,117824
7856,B,117825
7856,B,117826
7856,C,117827
7856,B,117828
7856,A,117829
7856,C,117830
7856,D,117831
7856,A,117832
7856,A,117833
7856,B,117834
7856,C,117835
7856,B,117836
7856,C,117837
7856,D,117838
7856,F,117839
7857,B,117840
7857,C,117841
7857,E,117842
7857,C,117843
7857,A,117844
7857,A,117845
7857,G,117846
7857,A,117847
7857,E,117848
7857,E,117849
7857,G,117850
7857,E,117851
7857,A,117852
7857,G,117853
7857,F,117854
7858,B,117855
7858,A,117856
7858,D,117857
7858,C,117858
7858,D,117859
7858,B,117860
7858,E,117861
7858,G,117862
7858,B,117863
7858,G,117864
7858,D,117865
7858,C,117866
7858,G,117867
7858,G,117868
7858,F,117869
7859,B,117870
7859,D,117871
7859,G,117872
7859,A,117873
7859,B,117874
7859,A,117875
7859,B,117876
7859,B,117877
7859,G,117878
7859,B,117879
7859,C,117880
7859,G,117881
7859,G,117882
7859,G,117883
7859,F,117884
7860,B,117885
7860,A,117886
7860,E,117887
7860,G,117888
7860,G,117889
7860,B,117890
7860,A,117891
7860,B,117892
7860,E,117893
7860,G,117894
7860,B,117895
7860,D,117896
7860,G,117897
7860,C,117898
7860,F,117899
7861,B,117900
7861,A,117901
7861,G,117902
7861,G,117903
7861,C,117904
7861,E,117905
7861,G,117906
7861,E,117907
7861,E,117908
7861,D,117909
7861,B,117910
7861,D,117911
7861,C,117912
7861,G,117913
7861,F,117914
7862,B,117915
7862,E,117916
7862,C,117917
7862,E,117918
7862,D,117919
7862,E,117920
7862,B,117921
7862,D,117922
7862,C,117923
7862,A,117924
7862,D,117925
7862,D,117926
7862,D,117927
7862,D,117928
7862,F,117929
7863,B,117930
7863,G,117931
7863,E,117932
7863,C,117933
7863,C,117934
7863,E,117935
7863,D,117936
7863,D,117937
7863,C,117938
7863,B,117939
7863,D,117940
7863,G,117941
7863,D,117942
7863,G,117943
7863,F,117944
7864,B,117945
7864,B,117946
7864,A,117947
7864,G,117948
7864,A,117949
7864,A,117950
7864,E,117951
7864,D,117952
7864,G,117953
7864,D,117954
7864,B,117955
7864,G,117956
7864,D,117957
7864,A,117958
7864,F,117959
7865,B,117960
7865,D,117961
7865,G,117962
7865,G,117963
7865,E,117964
7865,B,117965
7865,A,117966
7865,A,117967
7865,E,117968
7865,B,117969
7865,B,117970
7865,A,117971
7865,G,117972
7865,G,117973
7865,F,117974
7866,B,117975
7866,D,117976
7866,D,117977
7866,B,117978
7866,B,117979
7866,C,117980
7866,D,117981
7866,E,117982
7866,D,117983
7866,D,117984
7866,E,117985
7866,E,117986
7866,D,117987
7866,G,117988
7866,F,117989
7867,B,117990
7867,A,117991
7867,E,117992
7867,E,117993
7867,A,117994
7867,G,117995
7867,G,117996
7867,D,117997
7867,C,117998
7867,B,117999
7867,E,118000
7867,E,118001
7867,E,118002
7867,C,118003
7867,F,118004
7868,B,118005
7868,G,118006
7868,B,118007
7868,C,118008
7868,E,118009
7868,B,118010
7868,D,118011
7868,B,118012
7868,G,118013
7868,G,118014
7868,C,118015
7868,E,118016
7868,B,118017
7868,B,118018
7868,F,118019
7869,B,118020
7869,G,118021
7869,C,118022
7869,D,118023
7869,C,118024
7869,G,118025
7869,D,118026
7869,D,118027
7869,E,118028
7869,E,118029
7869,C,118030
7869,D,118031
7869,C,118032
7869,A,118033
7869,F,118034
7870,B,118035
7870,D,118036
7870,C,118037
7870,G,118038
7870,C,118039
7870,A,118040
7870,G,118041
7870,E,118042
7870,G,118043
7870,E,118044
7870,E,118045
7870,E,118046
7870,A,118047
7870,B,118048
7870,F,118049
7871,B,118050
7871,B,118051
7871,D,118052
7871,D,118053
7871,C,118054
7871,C,118055
7871,E,118056
7871,C,118057
7871,G,118058
7871,B,118059
7871,A,118060
7871,B,118061
7871,G,118062
7871,E,118063
7871,F,118064
7872,B,118065
7872,E,118066
7872,D,118067
7872,C,118068
7872,C,118069
7872,D,118070
7872,A,118071
7872,E,118072
7872,B,118073
7872,E,118074
7872,B,118075
7872,C,118076
7872,B,118077
7872,G,118078
7872,F,118079
7873,B,118080
7873,D,118081
7873,G,118082
7873,A,118083
7873,A,118084
7873,A,118085
7873,D,118086
7873,D,118087
7873,C,118088
7873,D,118089
7873,B,118090
7873,G,118091
7873,E,118092
7873,D,118093
7873,F,118094
7874,B,118095
7874,E,118096
7874,D,118097
7874,E,118098
7874,C,118099
7874,G,118100
7874,A,118101
7874,A,118102
7874,E,118103
7874,B,118104
7874,C,118105
7874,A,118106
7874,E,118107
7874,E,118108
7874,F,118109
7875,B,118110
7875,E,118111
7875,D,118112
7875,A,118113
7875,C,118114
7875,G,118115
7875,D,118116
7875,B,118117
7875,D,118118
7875,G,118119
7875,D,118120
7875,B,118121
7875,G,118122
7875,D,118123
7875,F,118124
7876,B,118125
7876,G,118126
7876,A,118127
7876,B,118128
7876,A,118129
7876,G,118130
7876,C,118131
7876,E,118132
7876,A,118133
7876,B,118134
7876,E,118135
7876,B,118136
7876,E,118137
7876,A,118138
7876,F,118139
7877,B,118140
7877,G,118141
7877,D,118142
7877,E,118143
7877,B,118144
7877,A,118145
7877,D,118146
7877,C,118147
7877,B,118148
7877,G,118149
7877,E,118150
7877,C,118151
7877,E,118152
7877,G,118153
7877,F,118154
7878,B,118155
7878,B,118156
7878,B,118157
7878,G,118158
7878,E,118159
7878,A,118160
7878,C,118161
7878,C,118162
7878,D,118163
7878,D,118164
7878,G,118165
7878,C,118166
7878,E,118167
7878,B,118168
7878,F,118169
7879,B,118170
7879,A,118171
7879,A,118172
7879,B,118173
7879,G,118174
7879,G,118175
7879,D,118176
7879,G,118177
7879,D,118178
7879,A,118179
7879,E,118180
7879,B,118181
7879,D,118182
7879,E,118183
7879,F,118184
7880,B,118185
7880,A,118186
7880,D,118187
7880,C,118188
7880,D,118189
7880,E,118190
7880,C,118191
7880,D,118192
7880,B,118193
7880,E,118194
7880,C,118195
7880,E,118196
7880,E,118197
7880,G,118198
7880,F,118199
7881,B,118200
7881,D,118201
7881,A,118202
7881,D,118203
7881,G,118204
7881,D,118205
7881,D,118206
7881,A,118207
7881,A,118208
7881,E,118209
7881,C,118210
7881,C,118211
7881,B,118212
7881,C,118213
7881,F,118214
7882,B,118215
7882,C,118216
7882,C,118217
7882,B,118218
7882,C,118219
7882,D,118220
7882,C,118221
7882,E,118222
7882,D,118223
7882,D,118224
7882,E,118225
7882,D,118226
7882,D,118227
7882,D,118228
7882,F,118229
7883,B,118230
7883,B,118231
7883,A,118232
7883,D,118233
7883,B,118234
7883,D,118235
7883,G,118236
7883,C,118237
7883,B,118238
7883,C,118239
7883,B,118240
7883,G,118241
7883,C,118242
7883,B,118243
7883,F,118244
7884,B,118245
7884,A,118246
7884,D,118247
7884,D,118248
7884,G,118249
7884,D,118250
7884,C,118251
7884,A,118252
7884,B,118253
7884,A,118254
7884,A,118255
7884,C,118256
7884,E,118257
7884,E,118258
7884,F,118259
7885,B,118260
7885,B,118261
7885,B,118262
7885,A,118263
7885,E,118264
7885,C,118265
7885,E,118266
7885,D,118267
7885,G,118268
7885,C,118269
7885,G,118270
7885,A,118271
7885,A,118272
7885,C,118273
7885,F,118274
7886,B,118275
7886,D,118276
7886,D,118277
7886,C,118278
7886,D,118279
7886,A,118280
7886,D,118281
7886,E,118282
7886,B,118283
7886,D,118284
7886,B,118285
7886,A,118286
7886,G,118287
7886,B,118288
7886,F,118289
7887,B,118290
7887,D,118291
7887,A,118292
7887,C,118293
7887,C,118294
7887,E,118295
7887,A,118296
7887,A,118297
7887,E,118298
7887,G,118299
7887,D,118300
7887,A,118301
7887,B,118302
7887,C,118303
7887,F,118304
7888,B,118305
7888,G,118306
7888,C,118307
7888,C,118308
7888,C,118309
7888,B,118310
7888,C,118311
7888,C,118312
7888,D,118313
7888,G,118314
7888,B,118315
7888,D,118316
7888,A,118317
7888,G,118318
7888,F,118319
7889,B,118320
7889,D,118321
7889,D,118322
7889,C,118323
7889,G,118324
7889,G,118325
7889,G,118326
7889,A,118327
7889,D,118328
7889,C,118329
7889,E,118330
7889,D,118331
7889,A,118332
7889,D,118333
7889,F,118334
7890,B,118335
7890,B,118336
7890,E,118337
7890,C,118338
7890,E,118339
7890,A,118340
7890,E,118341
7890,A,118342
7890,C,118343
7890,E,118344
7890,B,118345
7890,E,118346
7890,G,118347
7890,D,118348
7890,F,118349
7891,B,118350
7891,B,118351
7891,A,118352
7891,E,118353
7891,A,118354
7891,A,118355
7891,A,118356
7891,C,118357
7891,E,118358
7891,G,118359
7891,B,118360
7891,A,118361
7891,E,118362
7891,A,118363
7891,F,118364
7892,B,118365
7892,E,118366
7892,D,118367
7892,B,118368
7892,B,118369
7892,E,118370
7892,E,118371
7892,C,118372
7892,B,118373
7892,C,118374
7892,C,118375
7892,A,118376
7892,E,118377
7892,A,118378
7892,F,118379
7893,B,118380
7893,B,118381
7893,G,118382
7893,A,118383
7893,A,118384
7893,C,118385
7893,G,118386
7893,C,118387
7893,A,118388
7893,B,118389
7893,A,118390
7893,A,118391
7893,C,118392
7893,G,118393
7893,F,118394
7894,B,118395
7894,B,118396
7894,G,118397
7894,G,118398
7894,D,118399
7894,A,118400
7894,E,118401
7894,G,118402
7894,C,118403
7894,C,118404
7894,C,118405
7894,A,118406
7894,C,118407
7894,D,118408
7894,F,118409
7895,B,118410
7895,C,118411
7895,C,118412
7895,A,118413
7895,A,118414
7895,B,118415
7895,A,118416
7895,C,118417
7895,C,118418
7895,A,118419
7895,E,118420
7895,C,118421
7895,C,118422
7895,D,118423
7895,F,118424
7896,B,118425
7896,C,118426
7896,D,118427
7896,D,118428
7896,E,118429
7896,C,118430
7896,B,118431
7896,B,118432
7896,B,118433
7896,C,118434
7896,G,118435
7896,A,118436
7896,C,118437
7896,G,118438
7896,F,118439
7897,B,118440
7897,G,118441
7897,G,118442
7897,G,118443
7897,G,118444
7897,G,118445
7897,A,118446
7897,B,118447
7897,A,118448
7897,A,118449
7897,G,118450
7897,A,118451
7897,E,118452
7897,B,118453
7897,F,118454
7898,B,118455
7898,D,118456
7898,E,118457
7898,D,118458
7898,D,118459
7898,B,118460
7898,C,118461
7898,E,118462
7898,C,118463
7898,A,118464
7898,B,118465
7898,D,118466
7898,C,118467
7898,G,118468
7898,F,118469
7899,B,118470
7899,B,118471
7899,A,118472
7899,C,118473
7899,G,118474
7899,E,118475
7899,C,118476
7899,D,118477
7899,D,118478
7899,C,118479
7899,G,118480
7899,E,118481
7899,E,118482
7899,D,118483
7899,F,118484
7900,B,118485
7900,A,118486
7900,A,118487
7900,D,118488
7900,A,118489
7900,D,118490
7900,A,118491
7900,B,118492
7900,E,118493
7900,G,118494
7900,G,118495
7900,B,118496
7900,G,118497
7900,E,118498
7900,F,118499
7901,B,118500
7901,C,118501
7901,G,118502
7901,A,118503
7901,E,118504
7901,C,118505
7901,A,118506
7901,C,118507
7901,C,118508
7901,C,118509
7901,A,118510
7901,D,118511
7901,C,118512
7901,E,118513
7901,F,118514
7902,B,118515
7902,G,118516
7902,B,118517
7902,G,118518
7902,A,118519
7902,B,118520
7902,A,118521
7902,E,118522
7902,G,118523
7902,E,118524
7902,B,118525
7902,G,118526
7902,B,118527
7902,G,118528
7902,F,118529
7903,B,118530
7903,B,118531
7903,A,118532
7903,A,118533
7903,A,118534
7903,E,118535
7903,D,118536
7903,G,118537
7903,B,118538
7903,E,118539
7903,A,118540
7903,D,118541
7903,D,118542
7903,B,118543
7903,F,118544
7904,B,118545
7904,C,118546
7904,A,118547
7904,D,118548
7904,A,118549
7904,B,118550
7904,D,118551
7904,A,118552
7904,B,118553
7904,A,118554
7904,G,118555
7904,G,118556
7904,D,118557
7904,G,118558
7904,F,118559
7905,B,118560
7905,E,118561
7905,E,118562
7905,G,118563
7905,B,118564
7905,D,118565
7905,C,118566
7905,E,118567
7905,B,118568
7905,G,118569
7905,D,118570
7905,A,118571
7905,C,118572
7905,G,118573
7905,F,118574
7906,B,118575
7906,E,118576
7906,G,118577
7906,A,118578
7906,D,118579
7906,G,118580
7906,C,118581
7906,B,118582
7906,A,118583
7906,C,118584
7906,D,118585
7906,D,118586
7906,B,118587
7906,E,118588
7906,F,118589
7907,B,118590
7907,E,118591
7907,D,118592
7907,C,118593
7907,E,118594
7907,A,118595
7907,G,118596
7907,C,118597
7907,C,118598
7907,E,118599
7907,A,118600
7907,G,118601
7907,C,118602
7907,A,118603
7907,F,118604
7908,B,118605
7908,E,118606
7908,G,118607
7908,E,118608
7908,C,118609
7908,G,118610
7908,B,118611
7908,E,118612
7908,A,118613
7908,E,118614
7908,D,118615
7908,E,118616
7908,A,118617
7908,B,118618
7908,F,118619
7909,B,118620
7909,B,118621
7909,C,118622
7909,G,118623
7909,B,118624
7909,E,118625
7909,B,118626
7909,E,118627
7909,C,118628
7909,E,118629
7909,A,118630
7909,B,118631
7909,C,118632
7909,E,118633
7909,F,118634
7910,B,118635
7910,A,118636
7910,E,118637
7910,B,118638
7910,D,118639
7910,C,118640
7910,A,118641
7910,G,118642
7910,B,118643
7910,B,118644
7910,C,118645
7910,A,118646
7910,C,118647
7910,E,118648
7910,F,118649
7911,B,118650
7911,B,118651
7911,G,118652
7911,A,118653
7911,C,118654
7911,C,118655
7911,A,118656
7911,B,118657
7911,E,118658
7911,A,118659
7911,G,118660
7911,C,118661
7911,C,118662
7911,G,118663
7911,F,118664
7912,B,118665
7912,D,118666
7912,D,118667
7912,E,118668
7912,B,118669
7912,C,118670
7912,E,118671
7912,D,118672
7912,C,118673
7912,B,118674
7912,A,118675
7912,C,118676
7912,C,118677
7912,D,118678
7912,F,118679
7913,B,118680
7913,E,118681
7913,E,118682
7913,A,118683
7913,C,118684
7913,E,118685
7913,D,118686
7913,G,118687
7913,G,118688
7913,G,118689
7913,B,118690
7913,G,118691
7913,D,118692
7913,G,118693
7913,F,118694
7914,B,118695
7914,E,118696
7914,A,118697
7914,D,118698
7914,B,118699
7914,A,118700
7914,A,118701
7914,A,118702
7914,E,118703
7914,G,118704
7914,G,118705
7914,B,118706
7914,D,118707
7914,A,118708
7914,F,118709
7915,B,118710
7915,E,118711
7915,E,118712
7915,G,118713
7915,G,118714
7915,D,118715
7915,B,118716
7915,B,118717
7915,D,118718
7915,G,118719
7915,B,118720
7915,A,118721
7915,C,118722
7915,E,118723
7915,F,118724
7916,B,118725
7916,C,118726
7916,D,118727
7916,G,118728
7916,G,118729
7916,B,118730
7916,C,118731
7916,A,118732
7916,C,118733
7916,G,118734
7916,C,118735
7916,A,118736
7916,C,118737
7916,C,118738
7916,F,118739
7917,B,118740
7917,A,118741
7917,G,118742
7917,D,118743
7917,B,118744
7917,D,118745
7917,B,118746
7917,C,118747
7917,C,118748
7917,G,118749
7917,G,118750
7917,D,118751
7917,A,118752
7917,C,118753
7917,F,118754
7918,B,118755
7918,E,118756
7918,A,118757
7918,E,118758
7918,D,118759
7918,D,118760
7918,A,118761
7918,E,118762
7918,B,118763
7918,E,118764
7918,E,118765
7918,E,118766
7918,E,118767
7918,D,118768
7918,F,118769
7919,B,118770
7919,B,118771
7919,A,118772
7919,D,118773
7919,E,118774
7919,D,118775
7919,E,118776
7919,B,118777
7919,E,118778
7919,G,118779
7919,D,118780
7919,D,118781
7919,G,118782
7919,C,118783
7919,F,118784
7920,B,118785
7920,C,118786
7920,A,118787
7920,E,118788
7920,E,118789
7920,C,118790
7920,A,118791
7920,E,118792
7920,C,118793
7920,G,118794
7920,D,118795
7920,E,118796
7920,G,118797
7920,B,118798
7920,F,118799
7921,B,118800
7921,B,118801
7921,C,118802
7921,D,118803
7921,A,118804
7921,G,118805
7921,A,118806
7921,D,118807
7921,G,118808
7921,G,118809
7921,A,118810
7921,D,118811
7921,A,118812
7921,D,118813
7921,F,118814
7922,B,118815
7922,E,118816
7922,G,118817
7922,E,118818
7922,G,118819
7922,A,118820
7922,E,118821
7922,C,118822
7922,G,118823
7922,B,118824
7922,A,118825
7922,A,118826
7922,B,118827
7922,E,118828
7922,F,118829
7923,B,118830
7923,G,118831
7923,G,118832
7923,D,118833
7923,D,118834
7923,A,118835
7923,G,118836
7923,G,118837
7923,E,118838
7923,D,118839
7923,B,118840
7923,E,118841
7923,G,118842
7923,G,118843
7923,F,118844
7924,B,118845
7924,G,118846
7924,G,118847
7924,G,118848
7924,B,118849
7924,G,118850
7924,C,118851
7924,G,118852
7924,C,118853
7924,G,118854
7924,D,118855
7924,E,118856
7924,B,118857
7924,B,118858
7924,F,118859
7925,B,118860
7925,B,118861
7925,D,118862
7925,E,118863
7925,C,118864
7925,A,118865
7925,D,118866
7925,G,118867
7925,A,118868
7925,G,118869
7925,C,118870
7925,A,118871
7925,D,118872
7925,G,118873
7925,F,118874
7926,B,118875
7926,C,118876
7926,G,118877
7926,G,118878
7926,C,118879
7926,E,118880
7926,G,118881
7926,G,118882
7926,E,118883
7926,G,118884
7926,D,118885
7926,E,118886
7926,C,118887
7926,A,118888
7926,F,118889
7927,B,118890
7927,A,118891
7927,G,118892
7927,D,118893
7927,G,118894
7927,A,118895
7927,B,118896
7927,E,118897
7927,C,118898
7927,G,118899
7927,B,118900
7927,C,118901
7927,G,118902
7927,G,118903
7927,F,118904
7928,B,118905
7928,D,118906
7928,D,118907
7928,B,118908
7928,G,118909
7928,D,118910
7928,C,118911
7928,C,118912
7928,D,118913
7928,E,118914
7928,A,118915
7928,G,118916
7928,E,118917
7928,G,118918
7928,F,118919
7929,B,118920
7929,A,118921
7929,A,118922
7929,C,118923
7929,G,118924
7929,B,118925
7929,A,118926
7929,C,118927
7929,D,118928
7929,D,118929
7929,C,118930
7929,D,118931
7929,E,118932
7929,D,118933
7929,F,118934
7930,B,118935
7930,G,118936
7930,G,118937
7930,D,118938
7930,G,118939
7930,B,118940
7930,A,118941
7930,B,118942
7930,A,118943
7930,E,118944
7930,E,118945
7930,E,118946
7930,E,118947
7930,E,118948
7930,F,118949
7931,B,118950
7931,B,118951
7931,A,118952
7931,G,118953
7931,G,118954
7931,G,118955
7931,C,118956
7931,G,118957
7931,B,118958
7931,E,118959
7931,G,118960
7931,G,118961
7931,G,118962
7931,A,118963
7931,F,118964
7932,B,118965
7932,B,118966
7932,B,118967
7932,C,118968
7932,A,118969
7932,A,118970
7932,B,118971
7932,G,118972
7932,D,118973
7932,C,118974
7932,A,118975
7932,A,118976
7932,B,118977
7932,B,118978
7932,F,118979
7933,B,118980
7933,C,118981
7933,B,118982
7933,A,118983
7933,G,118984
7933,C,118985
7933,A,118986
7933,A,118987
7933,E,118988
7933,B,118989
7933,G,118990
7933,A,118991
7933,C,118992
7933,B,118993
7933,F,118994
7934,B,118995
7934,B,118996
7934,A,118997
7934,B,118998
7934,A,118999
7934,E,119000
7934,A,119001
7934,G,119002
7934,C,119003
7934,D,119004
7934,C,119005
7934,D,119006
7934,A,119007
7934,B,119008
7934,F,119009
7935,B,119010
7935,E,119011
7935,D,119012
7935,C,119013
7935,C,119014
7935,E,119015
7935,B,119016
7935,C,119017
7935,C,119018
7935,D,119019
7935,D,119020
7935,A,119021
7935,D,119022
7935,G,119023
7935,F,119024
7936,B,119025
7936,G,119026
7936,D,119027
7936,E,119028
7936,D,119029
7936,E,119030
7936,B,119031
7936,G,119032
7936,G,119033
7936,G,119034
7936,E,119035
7936,G,119036
7936,A,119037
7936,G,119038
7936,F,119039
7937,B,119040
7937,B,119041
7937,G,119042
7937,C,119043
7937,E,119044
7937,D,119045
7937,A,119046
7937,A,119047
7937,B,119048
7937,A,119049
7937,A,119050
7937,G,119051
7937,G,119052
7937,C,119053
7937,F,119054
7938,B,119055
7938,A,119056
7938,C,119057
7938,A,119058
7938,C,119059
7938,E,119060
7938,C,119061
7938,A,119062
7938,C,119063
7938,B,119064
7938,A,119065
7938,G,119066
7938,C,119067
7938,D,119068
7938,F,119069
7939,B,119070
7939,A,119071
7939,C,119072
7939,G,119073
7939,C,119074
7939,G,119075
7939,D,119076
7939,D,119077
7939,C,119078
7939,C,119079
7939,E,119080
7939,E,119081
7939,C,119082
7939,A,119083
7939,F,119084
7940,B,119085
7940,C,119086
7940,A,119087
7940,C,119088
7940,C,119089
7940,G,119090
7940,A,119091
7940,A,119092
7940,B,119093
7940,B,119094
7940,C,119095
7940,G,119096
7940,G,119097
7940,C,119098
7940,F,119099
7941,B,119100
7941,C,119101
7941,B,119102
7941,G,119103
7941,E,119104
7941,G,119105
7941,E,119106
7941,C,119107
7941,A,119108
7941,E,119109
7941,B,119110
7941,B,119111
7941,E,119112
7941,C,119113
7941,F,119114
7942,B,119115
7942,B,119116
7942,E,119117
7942,D,119118
7942,B,119119
7942,C,119120
7942,G,119121
7942,G,119122
7942,G,119123
7942,E,119124
7942,E,119125
7942,E,119126
7942,G,119127
7942,G,119128
7942,F,119129
7943,B,119130
7943,E,119131
7943,C,119132
7943,D,119133
7943,D,119134
7943,B,119135
7943,G,119136
7943,G,119137
7943,D,119138
7943,D,119139
7943,D,119140
7943,E,119141
7943,D,119142
7943,D,119143
7943,F,119144
7944,B,119145
7944,G,119146
7944,E,119147
7944,E,119148
7944,E,119149
7944,B,119150
7944,C,119151
7944,B,119152
7944,A,119153
7944,E,119154
7944,C,119155
7944,E,119156
7944,E,119157
7944,E,119158
7944,F,119159
7945,B,119160
7945,B,119161
7945,E,119162
7945,B,119163
7945,C,119164
7945,B,119165
7945,E,119166
7945,D,119167
7945,D,119168
7945,B,119169
7945,D,119170
7945,G,119171
7945,C,119172
7945,G,119173
7945,F,119174
7946,B,119175
7946,E,119176
7946,D,119177
7946,A,119178
7946,A,119179
7946,G,119180
7946,C,119181
7946,E,119182
7946,E,119183
7946,D,119184
7946,A,119185
7946,B,119186
7946,G,119187
7946,D,119188
7946,F,119189
7947,B,119190
7947,B,119191
7947,C,119192
7947,C,119193
7947,C,119194
7947,E,119195
7947,A,119196
7947,B,119197
7947,E,119198
7947,E,119199
7947,D,119200
7947,A,119201
7947,C,119202
7947,E,119203
7947,F,119204
7948,B,119205
7948,A,119206
7948,G,119207
7948,E,119208
7948,A,119209
7948,B,119210
7948,B,119211
7948,A,119212
7948,D,119213
7948,G,119214
7948,A,119215
7948,B,119216
7948,B,119217
7948,A,119218
7948,F,119219
7949,B,119220
7949,C,119221
7949,E,119222
7949,E,119223
7949,D,119224
7949,C,119225
7949,B,119226
7949,G,119227
7949,B,119228
7949,G,119229
7949,B,119230
7949,E,119231
7949,A,119232
7949,A,119233
7949,F,119234
7950,B,119235
7950,A,119236
7950,E,119237
7950,E,119238
7950,C,119239
7950,E,119240
7950,E,119241
7950,G,119242
7950,A,119243
7950,G,119244
7950,C,119245
7950,A,119246
7950,A,119247
7950,B,119248
7950,F,119249
7951,B,119250
7951,D,119251
7951,G,119252
7951,D,119253
7951,A,119254
7951,E,119255
7951,A,119256
7951,D,119257
7951,G,119258
7951,G,119259
7951,C,119260
7951,A,119261
7951,A,119262
7951,A,119263
7951,F,119264
7952,B,119265
7952,D,119266
7952,B,119267
7952,G,119268
7952,C,119269
7952,G,119270
7952,C,119271
7952,E,119272
7952,G,119273
7952,E,119274
7952,D,119275
7952,C,119276
7952,E,119277
7952,C,119278
7952,F,119279
7953,B,119280
7953,D,119281
7953,G,119282
7953,C,119283
7953,B,119284
7953,G,119285
7953,C,119286
7953,A,119287
7953,D,119288
7953,B,119289
7953,E,119290
7953,A,119291
7953,C,119292
7953,A,119293
7953,F,119294
7954,B,119295
7954,A,119296
7954,A,119297
7954,G,119298
7954,G,119299
7954,B,119300
7954,C,119301
7954,A,119302
7954,D,119303
7954,C,119304
7954,A,119305
7954,C,119306
7954,G,119307
7954,D,119308
7954,F,119309
7955,B,119310
7955,B,119311
7955,A,119312
7955,C,119313
7955,C,119314
7955,A,119315
7955,B,119316
7955,A,119317
7955,D,119318
7955,C,119319
7955,A,119320
7955,E,119321
7955,D,119322
7955,A,119323
7955,F,119324
7956,B,119325
7956,C,119326
7956,A,119327
7956,A,119328
7956,C,119329
7956,G,119330
7956,A,119331
7956,D,119332
7956,C,119333
7956,E,119334
7956,B,119335
7956,E,119336
7956,D,119337
7956,D,119338
7956,F,119339
7957,B,119340
7957,G,119341
7957,D,119342
7957,D,119343
7957,B,119344
7957,E,119345
7957,G,119346
7957,C,119347
7957,B,119348
7957,E,119349
7957,D,119350
7957,B,119351
7957,D,119352
7957,G,119353
7957,F,119354
7958,B,119355
7958,A,119356
7958,D,119357
7958,C,119358
7958,C,119359
7958,A,119360
7958,G,119361
7958,G,119362
7958,G,119363
7958,D,119364
7958,C,119365
7958,E,119366
7958,G,119367
7958,B,119368
7958,F,119369
7959,B,119370
7959,G,119371
7959,D,119372
7959,D,119373
7959,A,119374
7959,E,119375
7959,G,119376
7959,A,119377
7959,A,119378
7959,A,119379
7959,B,119380
7959,B,119381
7959,C,119382
7959,G,119383
7959,F,119384
7960,B,119385
7960,B,119386
7960,G,119387
7960,D,119388
7960,C,119389
7960,E,119390
7960,B,119391
7960,C,119392
7960,A,119393
7960,C,119394
7960,C,119395
7960,E,119396
7960,D,119397
7960,G,119398
7960,F,119399
7961,B,119400
7961,E,119401
7961,G,119402
7961,A,119403
7961,B,119404
7961,E,119405
7961,A,119406
7961,D,119407
7961,B,119408
7961,B,119409
7961,C,119410
7961,E,119411
7961,C,119412
7961,C,119413
7961,F,119414
7962,B,119415
7962,G,119416
7962,B,119417
7962,B,119418
7962,B,119419
7962,E,119420
7962,C,119421
7962,E,119422
7962,C,119423
7962,B,119424
7962,D,119425
7962,B,119426
7962,A,119427
7962,C,119428
7962,F,119429
7963,B,119430
7963,C,119431
7963,D,119432
7963,G,119433
7963,C,119434
7963,B,119435
7963,C,119436
7963,A,119437
7963,C,119438
7963,G,119439
7963,D,119440
7963,B,119441
7963,E,119442
7963,B,119443
7963,F,119444
7964,B,119445
7964,A,119446
7964,A,119447
7964,G,119448
7964,C,119449
7964,C,119450
7964,D,119451
7964,D,119452
7964,E,119453
7964,G,119454
7964,G,119455
7964,A,119456
7964,A,119457
7964,E,119458
7964,F,119459
7965,B,119460
7965,A,119461
7965,E,119462
7965,E,119463
7965,D,119464
7965,E,119465
7965,C,119466
7965,G,119467
7965,B,119468
7965,C,119469
7965,E,119470
7965,D,119471
7965,A,119472
7965,E,119473
7965,F,119474
7966,B,119475
7966,B,119476
7966,C,119477
7966,E,119478
7966,A,119479
7966,E,119480
7966,A,119481
7966,E,119482
7966,A,119483
7966,B,119484
7966,G,119485
7966,C,119486
7966,C,119487
7966,D,119488
7966,F,119489
7967,B,119490
7967,D,119491
7967,D,119492
7967,G,119493
7967,E,119494
7967,E,119495
7967,E,119496
7967,G,119497
7967,E,119498
7967,G,119499
7967,B,119500
7967,B,119501
7967,D,119502
7967,G,119503
7967,F,119504
7968,B,119505
7968,C,119506
7968,G,119507
7968,B,119508
7968,E,119509
7968,D,119510
7968,E,119511
7968,E,119512
7968,D,119513
7968,E,119514
7968,D,119515
7968,A,119516
7968,D,119517
7968,E,119518
7968,F,119519
7969,B,119520
7969,C,119521
7969,C,119522
7969,C,119523
7969,E,119524
7969,G,119525
7969,C,119526
7969,E,119527
7969,C,119528
7969,E,119529
7969,E,119530
7969,G,119531
7969,D,119532
7969,A,119533
7969,F,119534
7970,B,119535
7970,C,119536
7970,C,119537
7970,D,119538
7970,G,119539
7970,C,119540
7970,D,119541
7970,E,119542
7970,E,119543
7970,D,119544
7970,A,119545
7970,G,119546
7970,B,119547
7970,D,119548
7970,F,119549
7971,B,119550
7971,D,119551
7971,C,119552
7971,D,119553
7971,C,119554
7971,C,119555
7971,G,119556
7971,C,119557
7971,G,119558
7971,C,119559
7971,D,119560
7971,G,119561
7971,G,119562
7971,B,119563
7971,F,119564
7972,B,119565
7972,D,119566
7972,G,119567
7972,B,119568
7972,A,119569
7972,C,119570
7972,D,119571
7972,E,119572
7972,B,119573
7972,G,119574
7972,B,119575
7972,G,119576
7972,A,119577
7972,B,119578
7972,F,119579
7973,B,119580
7973,C,119581
7973,A,119582
7973,G,119583
7973,A,119584
7973,G,119585
7973,A,119586
7973,B,119587
7973,G,119588
7973,A,119589
7973,B,119590
7973,D,119591
7973,E,119592
7973,D,119593
7973,F,119594
7974,B,119595
7974,C,119596
7974,E,119597
7974,D,119598
7974,G,119599
7974,G,119600
7974,E,119601
7974,D,119602
7974,A,119603
7974,A,119604
7974,C,119605
7974,A,119606
7974,B,119607
7974,E,119608
7974,F,119609
7975,B,119610
7975,C,119611
7975,E,119612
7975,E,119613
7975,C,119614
7975,B,119615
7975,D,119616
7975,G,119617
7975,G,119618
7975,E,119619
7975,C,119620
7975,G,119621
7975,A,119622
7975,C,119623
7975,F,119624
7976,B,119625
7976,E,119626
7976,E,119627
7976,E,119628
7976,B,119629
7976,D,119630
7976,B,119631
7976,B,119632
7976,C,119633
7976,C,119634
7976,D,119635
7976,A,119636
7976,B,119637
7976,C,119638
7976,F,119639
7977,B,119640
7977,C,119641
7977,E,119642
7977,B,119643
7977,A,119644
7977,D,119645
7977,G,119646
7977,D,119647
7977,A,119648
7977,D,119649
7977,B,119650
7977,C,119651
7977,A,119652
7977,A,119653
7977,F,119654
7978,B,119655
7978,E,119656
7978,C,119657
7978,G,119658
7978,C,119659
7978,A,119660
7978,D,119661
7978,G,119662
7978,C,119663
7978,B,119664
7978,A,119665
7978,A,119666
7978,A,119667
7978,B,119668
7978,F,119669
7979,B,119670
7979,C,119671
7979,D,119672
7979,E,119673
7979,D,119674
7979,E,119675
7979,E,119676
7979,D,119677
7979,E,119678
7979,D,119679
7979,D,119680
7979,D,119681
7979,E,119682
7979,G,119683
7979,F,119684
7980,B,119685
7980,G,119686
7980,E,119687
7980,G,119688
7980,G,119689
7980,B,119690
7980,E,119691
7980,E,119692
7980,G,119693
7980,G,119694
7980,G,119695
7980,A,119696
7980,C,119697
7980,C,119698
7980,F,119699
7981,B,119700
7981,E,119701
7981,A,119702
7981,E,119703
7981,E,119704
7981,A,119705
7981,G,119706
7981,B,119707
7981,D,119708
7981,G,119709
7981,A,119710
7981,B,119711
7981,B,119712
7981,G,119713
7981,F,119714
7982,B,119715
7982,D,119716
7982,G,119717
7982,G,119718
7982,D,119719
7982,A,119720
7982,D,119721
7982,G,119722
7982,C,119723
7982,G,119724
7982,D,119725
7982,E,119726
7982,E,119727
7982,G,119728
7982,F,119729
7983,B,119730
7983,A,119731
7983,G,119732
7983,D,119733
7983,E,119734
7983,B,119735
7983,A,119736
7983,D,119737
7983,D,119738
7983,E,119739
7983,A,119740
7983,B,119741
7983,B,119742
7983,G,119743
7983,F,119744
7984,B,119745
7984,C,119746
7984,E,119747
7984,B,119748
7984,G,119749
7984,B,119750
7984,C,119751
7984,C,119752
7984,A,119753
7984,G,119754
7984,G,119755
7984,C,119756
7984,E,119757
7984,A,119758
7984,F,119759
7985,B,119760
7985,D,119761
7985,A,119762
7985,E,119763
7985,B,119764
7985,C,119765
7985,A,119766
7985,A,119767
7985,D,119768
7985,E,119769
7985,B,119770
7985,A,119771
7985,D,119772
7985,A,119773
7985,F,119774
7986,B,119775
7986,C,119776
7986,B,119777
7986,D,119778
7986,E,119779
7986,A,119780
7986,B,119781
7986,E,119782
7986,C,119783
7986,C,119784
7986,E,119785
7986,E,119786
7986,E,119787
7986,E,119788
7986,F,119789
7987,B,119790
7987,E,119791
7987,C,119792
7987,C,119793
7987,D,119794
7987,C,119795
7987,C,119796
7987,B,119797
7987,A,119798
7987,E,119799
7987,B,119800
7987,G,119801
7987,E,119802
7987,B,119803
7987,F,119804
7988,B,119805
7988,A,119806
7988,E,119807
7988,G,119808
7988,D,119809
7988,B,119810
7988,A,119811
7988,B,119812
7988,B,119813
7988,B,119814
7988,A,119815
7988,E,119816
7988,G,119817
7988,A,119818
7988,F,119819
7989,B,119820
7989,B,119821
7989,C,119822
7989,G,119823
7989,C,119824
7989,D,119825
7989,A,119826
7989,G,119827
7989,B,119828
7989,B,119829
7989,A,119830
7989,C,119831
7989,D,119832
7989,A,119833
7989,F,119834
7990,B,119835
7990,B,119836
7990,E,119837
7990,G,119838
7990,E,119839
7990,D,119840
7990,B,119841
7990,B,119842
7990,A,119843
7990,D,119844
7990,C,119845
7990,E,119846
7990,C,119847
7990,A,119848
7990,F,119849
7991,B,119850
7991,E,119851
7991,A,119852
7991,D,119853
7991,D,119854
7991,G,119855
7991,A,119856
7991,B,119857
7991,B,119858
7991,B,119859
7991,D,119860
7991,B,119861
7991,C,119862
7991,D,119863
7991,F,119864
7992,B,119865
7992,E,119866
7992,G,119867
7992,B,119868
7992,C,119869
7992,C,119870
7992,G,119871
7992,G,119872
7992,D,119873
7992,A,119874
7992,E,119875
7992,G,119876
7992,C,119877
7992,D,119878
7992,F,119879
7993,B,119880
7993,B,119881
7993,E,119882
7993,G,119883
7993,G,119884
7993,E,119885
7993,D,119886
7993,A,119887
7993,A,119888
7993,E,119889
7993,A,119890
7993,E,119891
7993,E,119892
7993,D,119893
7993,F,119894
7994,B,119895
7994,B,119896
7994,B,119897
7994,A,119898
7994,D,119899
7994,B,119900
7994,E,119901
7994,D,119902
7994,E,119903
7994,C,119904
7994,E,119905
7994,E,119906
7994,A,119907
7994,E,119908
7994,F,119909
7995,B,119910
7995,E,119911
7995,D,119912
7995,D,119913
7995,E,119914
7995,B,119915
7995,D,119916
7995,E,119917
7995,B,119918
7995,D,119919
7995,G,119920
7995,A,119921
7995,B,119922
7995,B,119923
7995,F,119924
7996,B,119925
7996,C,119926
7996,E,119927
7996,D,119928
7996,B,119929
7996,E,119930
7996,A,119931
7996,A,119932
7996,E,119933
7996,C,119934
7996,G,119935
7996,A,119936
7996,C,119937
7996,G,119938
7996,F,119939
7997,B,119940
7997,A,119941
7997,G,119942
7997,B,119943
7997,B,119944
7997,E,119945
7997,C,119946
7997,C,119947
7997,B,119948
7997,D,119949
7997,E,119950
7997,E,119951
7997,C,119952
7997,D,119953
7997,F,119954
7998,B,119955
7998,D,119956
7998,G,119957
7998,C,119958
7998,G,119959
7998,A,119960
7998,D,119961
7998,B,119962
7998,A,119963
7998,C,119964
7998,D,119965
7998,G,119966
7998,G,119967
7998,C,119968
7998,F,119969
7999,B,119970
7999,E,119971
7999,C,119972
7999,B,119973
7999,B,119974
7999,A,119975
7999,D,119976
7999,A,119977
7999,B,119978
7999,D,119979
7999,C,119980
7999,E,119981
7999,B,119982
7999,C,119983
7999,F,119984
8000,B,119985
8000,B,119986
8000,C,119987
8000,D,119988
8000,D,119989
8000,G,119990
8000,A,119991
8000,E,119992
8000,A,119993
8000,A,119994
8000,A,119995
8000,B,119996
8000,C,119997
8000,C,119998
8000,F,119999
8001,B,120000
8001,D,120001
8001,B,120002
8001,A,120003
8001,B,120004
8001,B,120005
8001,B,120006
8001,D,120007
8001,D,120008
8001,G,120009
8001,G,120010
8001,D,120011
8001,E,120012
8001,C,120013
8001,F,120014
8002,B,120015
8002,A,120016
8002,C,120017
8002,D,120018
8002,G,120019
8002,D,120020
8002,C,120021
8002,D,120022
8002,D,120023
8002,A,120024
8002,D,120025
8002,E,120026
8002,C,120027
8002,A,120028
8002,F,120029
8003,B,120030
8003,E,120031
8003,G,120032
8003,D,120033
8003,G,120034
8003,A,120035
8003,D,120036
8003,B,120037
8003,B,120038
8003,G,120039
8003,C,120040
8003,G,120041
8003,G,120042
8003,E,120043
8003,F,120044
8004,B,120045
8004,B,120046
8004,D,120047
8004,E,120048
8004,C,120049
8004,G,120050
8004,D,120051
8004,C,120052
8004,D,120053
8004,C,120054
8004,E,120055
8004,C,120056
8004,E,120057
8004,B,120058
8004,F,120059
8005,B,120060
8005,B,120061
8005,G,120062
8005,B,120063
8005,E,120064
8005,G,120065
8005,B,120066
8005,B,120067
8005,G,120068
8005,B,120069
8005,C,120070
8005,B,120071
8005,B,120072
8005,D,120073
8005,F,120074
8006,B,120075
8006,B,120076
8006,C,120077
8006,D,120078
8006,G,120079
8006,G,120080
8006,C,120081
8006,G,120082
8006,D,120083
8006,E,120084
8006,B,120085
8006,E,120086
8006,A,120087
8006,E,120088
8006,F,120089
8007,B,120090
8007,A,120091
8007,D,120092
8007,B,120093
8007,E,120094
8007,C,120095
8007,D,120096
8007,B,120097
8007,G,120098
8007,B,120099
8007,G,120100
8007,D,120101
8007,A,120102
8007,C,120103
8007,F,120104
8008,B,120105
8008,B,120106
8008,A,120107
8008,A,120108
8008,D,120109
8008,C,120110
8008,D,120111
8008,A,120112
8008,B,120113
8008,C,120114
8008,G,120115
8008,E,120116
8008,E,120117
8008,C,120118
8008,F,120119
8009,B,120120
8009,E,120121
8009,B,120122
8009,B,120123
8009,A,120124
8009,E,120125
8009,E,120126
8009,G,120127
8009,D,120128
8009,B,120129
8009,C,120130
8009,E,120131
8009,G,120132
8009,D,120133
8009,F,120134
8010,B,120135
8010,B,120136
8010,E,120137
8010,G,120138
8010,A,120139
8010,D,120140
8010,C,120141
8010,G,120142
8010,A,120143
8010,G,120144
8010,B,120145
8010,G,120146
8010,B,120147
8010,C,120148
8010,F,120149
8011,B,120150
8011,B,120151
8011,D,120152
8011,D,120153
8011,C,120154
8011,E,120155
8011,D,120156
8011,G,120157
8011,A,120158
8011,B,120159
8011,E,120160
8011,G,120161
8011,E,120162
8011,A,120163
8011,F,120164
8012,B,120165
8012,B,120166
8012,C,120167
8012,D,120168
8012,G,120169
8012,G,120170
8012,B,120171
8012,D,120172
8012,C,120173
8012,C,120174
8012,B,120175
8012,C,120176
8012,A,120177
8012,B,120178
8012,F,120179
8013,B,120180
8013,E,120181
8013,C,120182
8013,B,120183
8013,G,120184
8013,A,120185
8013,E,120186
8013,D,120187
8013,A,120188
8013,G,120189
8013,G,120190
8013,B,120191
8013,D,120192
8013,A,120193
8013,F,120194
8014,B,120195
8014,D,120196
8014,E,120197
8014,E,120198
8014,C,120199
8014,G,120200
8014,G,120201
8014,B,120202
8014,D,120203
8014,C,120204
8014,E,120205
8014,E,120206
8014,B,120207
8014,A,120208
8014,F,120209
8015,B,120210
8015,G,120211
8015,G,120212
8015,D,120213
8015,B,120214
8015,C,120215
8015,E,120216
8015,A,120217
8015,B,120218
8015,B,120219
8015,E,120220
8015,A,120221
8015,A,120222
8015,B,120223
8015,F,120224
8016,B,120225
8016,C,120226
8016,B,120227
8016,D,120228
8016,E,120229
8016,C,120230
8016,B,120231
8016,B,120232
8016,G,120233
8016,E,120234
8016,E,120235
8016,C,120236
8016,C,120237
8016,E,120238
8016,F,120239
8017,B,120240
8017,E,120241
8017,D,120242
8017,B,120243
8017,E,120244
8017,E,120245
8017,D,120246
8017,E,120247
8017,E,120248
8017,B,120249
8017,C,120250
8017,G,120251
8017,A,120252
8017,A,120253
8017,F,120254
8018,B,120255
8018,E,120256
8018,E,120257
8018,A,120258
8018,B,120259
8018,E,120260
8018,C,120261
8018,E,120262
8018,A,120263
8018,D,120264
8018,G,120265
8018,D,120266
8018,E,120267
8018,D,120268
8018,F,120269
8019,B,120270
8019,A,120271
8019,B,120272
8019,G,120273
8019,G,120274
8019,A,120275
8019,G,120276
8019,G,120277
8019,E,120278
8019,G,120279
8019,C,120280
8019,C,120281
8019,B,120282
8019,D,120283
8019,F,120284
8020,B,120285
8020,G,120286
8020,E,120287
8020,B,120288
8020,A,120289
8020,A,120290
8020,A,120291
8020,G,120292
8020,E,120293
8020,A,120294
8020,D,120295
8020,G,120296
8020,D,120297
8020,B,120298
8020,F,120299
8021,B,120300
8021,D,120301
8021,G,120302
8021,B,120303
8021,C,120304
8021,E,120305
8021,C,120306
8021,D,120307
8021,C,120308
8021,C,120309
8021,D,120310
8021,E,120311
8021,G,120312
8021,B,120313
8021,F,120314
8022,B,120315
8022,E,120316
8022,D,120317
8022,C,120318
8022,G,120319
8022,C,120320
8022,A,120321
8022,D,120322
8022,E,120323
8022,C,120324
8022,D,120325
8022,B,120326
8022,A,120327
8022,D,120328
8022,F,120329
8023,B,120330
8023,B,120331
8023,D,120332
8023,C,120333
8023,G,120334
8023,B,120335
8023,E,120336
8023,D,120337
8023,E,120338
8023,A,120339
8023,G,120340
8023,G,120341
8023,G,120342
8023,B,120343
8023,F,120344
8024,B,120345
8024,A,120346
8024,A,120347
8024,D,120348
8024,G,120349
8024,B,120350
8024,G,120351
8024,A,120352
8024,E,120353
8024,D,120354
8024,G,120355
8024,D,120356
8024,C,120357
8024,B,120358
8024,F,120359
8025,B,120360
8025,G,120361
8025,A,120362
8025,C,120363
8025,G,120364
8025,C,120365
8025,A,120366
8025,G,120367
8025,G,120368
8025,D,120369
8025,E,120370
8025,G,120371
8025,A,120372
8025,D,120373
8025,F,120374
8026,B,120375
8026,D,120376
8026,C,120377
8026,E,120378
8026,D,120379
8026,C,120380
8026,D,120381
8026,D,120382
8026,G,120383
8026,A,120384
8026,D,120385
8026,B,120386
8026,D,120387
8026,D,120388
8026,F,120389
8027,B,120390
8027,A,120391
8027,D,120392
8027,G,120393
8027,A,120394
8027,A,120395
8027,A,120396
8027,B,120397
8027,B,120398
8027,A,120399
8027,D,120400
8027,E,120401
8027,B,120402
8027,A,120403
8027,F,120404
8028,B,120405
8028,G,120406
8028,B,120407
8028,B,120408
8028,E,120409
8028,A,120410
8028,G,120411
8028,D,120412
8028,A,120413
8028,G,120414
8028,A,120415
8028,B,120416
8028,C,120417
8028,E,120418
8028,F,120419
8029,B,120420
8029,B,120421
8029,D,120422
8029,G,120423
8029,A,120424
8029,C,120425
8029,C,120426
8029,E,120427
8029,D,120428
8029,B,120429
8029,E,120430
8029,E,120431
8029,E,120432
8029,B,120433
8029,F,120434
8030,B,120435
8030,B,120436
8030,G,120437
8030,E,120438
8030,A,120439
8030,D,120440
8030,G,120441
8030,C,120442
8030,B,120443
8030,E,120444
8030,G,120445
8030,E,120446
8030,A,120447
8030,G,120448
8030,F,120449
8031,B,120450
8031,C,120451
8031,G,120452
8031,C,120453
8031,A,120454
8031,E,120455
8031,G,120456
8031,D,120457
8031,G,120458
8031,C,120459
8031,E,120460
8031,A,120461
8031,B,120462
8031,E,120463
8031,F,120464
8032,B,120465
8032,A,120466
8032,D,120467
8032,A,120468
8032,A,120469
8032,B,120470
8032,C,120471
8032,B,120472
8032,C,120473
8032,D,120474
8032,D,120475
8032,D,120476
8032,C,120477
8032,A,120478
8032,F,120479
8033,B,120480
8033,E,120481
8033,G,120482
8033,A,120483
8033,E,120484
8033,G,120485
8033,D,120486
8033,D,120487
8033,G,120488
8033,D,120489
8033,E,120490
8033,E,120491
8033,E,120492
8033,G,120493
8033,F,120494
8034,B,120495
8034,A,120496
8034,C,120497
8034,C,120498
8034,A,120499
8034,B,120500
8034,G,120501
8034,D,120502
8034,C,120503
8034,G,120504
8034,B,120505
8034,D,120506
8034,D,120507
8034,B,120508
8034,F,120509
8035,B,120510
8035,B,120511
8035,D,120512
8035,A,120513
8035,C,120514
8035,E,120515
8035,D,120516
8035,B,120517
8035,B,120518
8035,G,120519
8035,A,120520
8035,G,120521
8035,A,120522
8035,C,120523
8035,F,120524
8036,B,120525
8036,B,120526
8036,E,120527
8036,E,120528
8036,C,120529
8036,C,120530
8036,C,120531
8036,A,120532
8036,D,120533
8036,C,120534
8036,C,120535
8036,C,120536
8036,B,120537
8036,D,120538
8036,F,120539
8037,B,120540
8037,G,120541
8037,D,120542
8037,B,120543
8037,C,120544
8037,A,120545
8037,A,120546
8037,C,120547
8037,E,120548
8037,E,120549
8037,G,120550
8037,B,120551
8037,A,120552
8037,B,120553
8037,F,120554
8038,B,120555
8038,C,120556
8038,G,120557
8038,E,120558
8038,C,120559
8038,B,120560
8038,E,120561
8038,G,120562
8038,C,120563
8038,D,120564
8038,C,120565
8038,E,120566
8038,B,120567
8038,B,120568
8038,F,120569
8039,B,120570
8039,C,120571
8039,G,120572
8039,C,120573
8039,E,120574
8039,C,120575
8039,D,120576
8039,A,120577
8039,C,120578
8039,B,120579
8039,B,120580
8039,G,120581
8039,B,120582
8039,E,120583
8039,F,120584
8040,B,120585
8040,A,120586
8040,G,120587
8040,D,120588
8040,A,120589
8040,D,120590
8040,G,120591
8040,E,120592
8040,A,120593
8040,B,120594
8040,C,120595
8040,D,120596
8040,G,120597
8040,D,120598
8040,F,120599
8041,B,120600
8041,B,120601
8041,E,120602
8041,A,120603
8041,E,120604
8041,E,120605
8041,B,120606
8041,D,120607
8041,B,120608
8041,E,120609
8041,D,120610
8041,G,120611
8041,C,120612
8041,G,120613
8041,F,120614
8042,B,120615
8042,G,120616
8042,B,120617
8042,C,120618
8042,B,120619
8042,G,120620
8042,C,120621
8042,D,120622
8042,G,120623
8042,D,120624
8042,D,120625
8042,A,120626
8042,D,120627
8042,B,120628
8042,F,120629
8043,B,120630
8043,B,120631
8043,A,120632
8043,E,120633
8043,C,120634
8043,E,120635
8043,E,120636
8043,B,120637
8043,G,120638
8043,A,120639
8043,D,120640
8043,D,120641
8043,D,120642
8043,C,120643
8043,F,120644
8044,B,120645
8044,A,120646
8044,D,120647
8044,C,120648
8044,B,120649
8044,D,120650
8044,B,120651
8044,B,120652
8044,A,120653
8044,B,120654
8044,A,120655
8044,E,120656
8044,G,120657
8044,D,120658
8044,F,120659
8045,B,120660
8045,C,120661
8045,B,120662
8045,D,120663
8045,D,120664
8045,E,120665
8045,C,120666
8045,G,120667
8045,D,120668
8045,D,120669
8045,E,120670
8045,D,120671
8045,C,120672
8045,C,120673
8045,F,120674
8046,B,120675
8046,C,120676
8046,C,120677
8046,A,120678
8046,A,120679
8046,B,120680
8046,C,120681
8046,A,120682
8046,G,120683
8046,D,120684
8046,E,120685
8046,D,120686
8046,A,120687
8046,E,120688
8046,F,120689
8047,B,120690
8047,A,120691
8047,A,120692
8047,E,120693
8047,A,120694
8047,A,120695
8047,E,120696
8047,D,120697
8047,G,120698
8047,D,120699
8047,A,120700
8047,B,120701
8047,A,120702
8047,C,120703
8047,F,120704
8048,B,120705
8048,C,120706
8048,G,120707
8048,E,120708
8048,B,120709
8048,D,120710
8048,E,120711
8048,B,120712
8048,E,120713
8048,C,120714
8048,E,120715
8048,C,120716
8048,G,120717
8048,C,120718
8048,F,120719
8049,B,120720
8049,B,120721
8049,A,120722
8049,C,120723
8049,B,120724
8049,G,120725
8049,A,120726
8049,D,120727
8049,D,120728
8049,A,120729
8049,B,120730
8049,A,120731
8049,B,120732
8049,G,120733
8049,F,120734
8050,B,120735
8050,A,120736
8050,E,120737
8050,E,120738
8050,B,120739
8050,B,120740
8050,G,120741
8050,C,120742
8050,C,120743
8050,D,120744
8050,B,120745
8050,G,120746
8050,D,120747
8050,D,120748
8050,F,120749
8051,B,120750
8051,E,120751
8051,A,120752
8051,G,120753
8051,E,120754
8051,D,120755
8051,B,120756
8051,A,120757
8051,A,120758
8051,A,120759
8051,D,120760
8051,A,120761
8051,C,120762
8051,G,120763
8051,F,120764
8052,B,120765
8052,B,120766
8052,C,120767
8052,G,120768
8052,B,120769
8052,G,120770
8052,G,120771
8052,E,120772
8052,D,120773
8052,D,120774
8052,C,120775
8052,B,120776
8052,E,120777
8052,A,120778
8052,F,120779
8053,B,120780
8053,A,120781
8053,C,120782
8053,C,120783
8053,E,120784
8053,C,120785
8053,C,120786
8053,E,120787
8053,C,120788
8053,B,120789
8053,G,120790
8053,A,120791
8053,C,120792
8053,D,120793
8053,F,120794
8054,B,120795
8054,B,120796
8054,A,120797
8054,A,120798
8054,B,120799
8054,D,120800
8054,A,120801
8054,A,120802
8054,A,120803
8054,E,120804
8054,D,120805
8054,D,120806
8054,E,120807
8054,C,120808
8054,F,120809
8055,B,120810
8055,D,120811
8055,G,120812
8055,A,120813
8055,C,120814
8055,C,120815
8055,D,120816
8055,C,120817
8055,B,120818
8055,G,120819
8055,C,120820
8055,G,120821
8055,G,120822
8055,A,120823
8055,F,120824
8056,B,120825
8056,D,120826
8056,G,120827
8056,E,120828
8056,A,120829
8056,E,120830
8056,D,120831
8056,G,120832
8056,C,120833
8056,B,120834
8056,E,120835
8056,D,120836
8056,D,120837
8056,D,120838
8056,F,120839
8057,B,120840
8057,A,120841
8057,A,120842
8057,B,120843
8057,D,120844
8057,D,120845
8057,A,120846
8057,C,120847
8057,G,120848
8057,G,120849
8057,E,120850
8057,C,120851
8057,G,120852
8057,A,120853
8057,F,120854
8058,B,120855
8058,D,120856
8058,B,120857
8058,A,120858
8058,D,120859
8058,C,120860
8058,A,120861
8058,G,120862
8058,C,120863
8058,A,120864
8058,E,120865
8058,A,120866
8058,A,120867
8058,G,120868
8058,F,120869
8059,B,120870
8059,G,120871
8059,B,120872
8059,C,120873
8059,D,120874
8059,C,120875
8059,E,120876
8059,G,120877
8059,E,120878
8059,A,120879
8059,A,120880
8059,A,120881
8059,D,120882
8059,A,120883
8059,F,120884
8060,B,120885
8060,A,120886
8060,C,120887
8060,E,120888
8060,B,120889
8060,C,120890
8060,C,120891
8060,G,120892
8060,D,120893
8060,D,120894
8060,B,120895
8060,C,120896
8060,A,120897
8060,C,120898
8060,F,120899
8061,B,120900
8061,B,120901
8061,E,120902
8061,B,120903
8061,E,120904
8061,C,120905
8061,E,120906
8061,A,120907
8061,G,120908
8061,A,120909
8061,A,120910
8061,D,120911
8061,C,120912
8061,B,120913
8061,F,120914
8062,B,120915
8062,A,120916
8062,C,120917
8062,A,120918
8062,B,120919
8062,E,120920
8062,E,120921
8062,C,120922
8062,A,120923
8062,G,120924
8062,G,120925
8062,C,120926
8062,A,120927
8062,G,120928
8062,F,120929
8063,B,120930
8063,D,120931
8063,B,120932
8063,B,120933
8063,A,120934
8063,B,120935
8063,E,120936
8063,G,120937
8063,B,120938
8063,D,120939
8063,B,120940
8063,E,120941
8063,C,120942
8063,D,120943
8063,F,120944
8064,B,120945
8064,D,120946
8064,G,120947
8064,B,120948
8064,A,120949
8064,B,120950
8064,B,120951
8064,E,120952
8064,B,120953
8064,E,120954
8064,C,120955
8064,E,120956
8064,B,120957
8064,E,120958
8064,F,120959
8065,B,120960
8065,A,120961
8065,A,120962
8065,E,120963
8065,A,120964
8065,C,120965
8065,E,120966
8065,G,120967
8065,B,120968
8065,G,120969
8065,E,120970
8065,B,120971
8065,D,120972
8065,D,120973
8065,F,120974
8066,B,120975
8066,A,120976
8066,A,120977
8066,D,120978
8066,C,120979
8066,A,120980
8066,G,120981
8066,D,120982
8066,G,120983
8066,C,120984
8066,G,120985
8066,B,120986
8066,D,120987
8066,E,120988
8066,F,120989
8067,B,120990
8067,D,120991
8067,G,120992
8067,C,120993
8067,G,120994
8067,B,120995
8067,G,120996
8067,B,120997
8067,B,120998
8067,E,120999
8067,E,121000
8067,B,121001
8067,B,121002
8067,A,121003
8067,F,121004
8068,B,121005
8068,E,121006
8068,B,121007
8068,C,121008
8068,B,121009
8068,D,121010
8068,C,121011
8068,C,121012
8068,B,121013
8068,C,121014
8068,C,121015
8068,A,121016
8068,E,121017
8068,D,121018
8068,F,121019
8069,B,121020
8069,B,121021
8069,E,121022
8069,G,121023
8069,B,121024
8069,C,121025
8069,D,121026
8069,C,121027
8069,B,121028
8069,C,121029
8069,C,121030
8069,E,121031
8069,C,121032
8069,D,121033
8069,F,121034
8070,B,121035
8070,C,121036
8070,B,121037
8070,D,121038
8070,D,121039
8070,D,121040
8070,A,121041
8070,D,121042
8070,B,121043
8070,A,121044
8070,D,121045
8070,B,121046
8070,G,121047
8070,G,121048
8070,F,121049
8071,B,121050
8071,A,121051
8071,D,121052
8071,G,121053
8071,C,121054
8071,A,121055
8071,E,121056
8071,D,121057
8071,A,121058
8071,B,121059
8071,B,121060
8071,E,121061
8071,C,121062
8071,D,121063
8071,F,121064
8072,B,121065
8072,G,121066
8072,D,121067
8072,D,121068
8072,E,121069
8072,A,121070
8072,E,121071
8072,G,121072
8072,D,121073
8072,B,121074
8072,B,121075
8072,E,121076
8072,B,121077
8072,B,121078
8072,F,121079
8073,B,121080
8073,D,121081
8073,C,121082
8073,A,121083
8073,B,121084
8073,A,121085
8073,A,121086
8073,C,121087
8073,E,121088
8073,A,121089
8073,D,121090
8073,G,121091
8073,B,121092
8073,B,121093
8073,F,121094
8074,B,121095
8074,A,121096
8074,G,121097
8074,B,121098
8074,E,121099
8074,C,121100
8074,G,121101
8074,B,121102
8074,C,121103
8074,D,121104
8074,E,121105
8074,C,121106
8074,D,121107
8074,E,121108
8074,F,121109
8075,B,121110
8075,D,121111
8075,A,121112
8075,E,121113
8075,D,121114
8075,E,121115
8075,B,121116
8075,B,121117
8075,G,121118
8075,C,121119
8075,B,121120
8075,A,121121
8075,D,121122
8075,C,121123
8075,F,121124
8076,B,121125
8076,B,121126
8076,C,121127
8076,D,121128
8076,A,121129
8076,D,121130
8076,C,121131
8076,C,121132
8076,C,121133
8076,D,121134
8076,C,121135
8076,D,121136
8076,E,121137
8076,C,121138
8076,F,121139
8077,B,121140
8077,G,121141
8077,C,121142
8077,B,121143
8077,C,121144
8077,B,121145
8077,B,121146
8077,B,121147
8077,D,121148
8077,E,121149
8077,C,121150
8077,B,121151
8077,B,121152
8077,A,121153
8077,F,121154
8078,B,121155
8078,C,121156
8078,B,121157
8078,A,121158
8078,G,121159
8078,B,121160
8078,E,121161
8078,C,121162
8078,C,121163
8078,B,121164
8078,A,121165
8078,G,121166
8078,C,121167
8078,B,121168
8078,F,121169
8079,B,121170
8079,E,121171
8079,C,121172
8079,G,121173
8079,C,121174
8079,A,121175
8079,E,121176
8079,A,121177
8079,C,121178
8079,E,121179
8079,A,121180
8079,A,121181
8079,D,121182
8079,B,121183
8079,F,121184
8080,B,121185
8080,C,121186
8080,E,121187
8080,E,121188
8080,D,121189
8080,G,121190
8080,E,121191
8080,A,121192
8080,B,121193
8080,A,121194
8080,A,121195
8080,C,121196
8080,C,121197
8080,D,121198
8080,F,121199
8081,B,121200
8081,B,121201
8081,B,121202
8081,D,121203
8081,E,121204
8081,B,121205
8081,B,121206
8081,C,121207
8081,E,121208
8081,B,121209
8081,B,121210
8081,C,121211
8081,G,121212
8081,A,121213
8081,F,121214
8082,B,121215
8082,E,121216
8082,A,121217
8082,B,121218
8082,A,121219
8082,G,121220
8082,A,121221
8082,G,121222
8082,B,121223
8082,A,121224
8082,D,121225
8082,C,121226
8082,A,121227
8082,B,121228
8082,F,121229
8083,B,121230
8083,D,121231
8083,A,121232
8083,B,121233
8083,C,121234
8083,G,121235
8083,G,121236
8083,G,121237
8083,E,121238
8083,D,121239
8083,E,121240
8083,C,121241
8083,E,121242
8083,B,121243
8083,F,121244
8084,B,121245
8084,E,121246
8084,E,121247
8084,B,121248
8084,B,121249
8084,D,121250
8084,B,121251
8084,G,121252
8084,D,121253
8084,C,121254
8084,E,121255
8084,A,121256
8084,B,121257
8084,A,121258
8084,F,121259
8085,B,121260
8085,C,121261
8085,E,121262
8085,B,121263
8085,B,121264
8085,E,121265
8085,D,121266
8085,E,121267
8085,C,121268
8085,A,121269
8085,G,121270
8085,B,121271
8085,A,121272
8085,A,121273
8085,F,121274
8086,B,121275
8086,G,121276
8086,A,121277
8086,A,121278
8086,B,121279
8086,D,121280
8086,E,121281
8086,A,121282
8086,D,121283
8086,B,121284
8086,C,121285
8086,E,121286
8086,D,121287
8086,G,121288
8086,F,121289
8087,B,121290
8087,C,121291
8087,C,121292
8087,D,121293
8087,G,121294
8087,A,121295
8087,E,121296
8087,C,121297
8087,A,121298
8087,B,121299
8087,D,121300
8087,A,121301
8087,E,121302
8087,E,121303
8087,F,121304
8088,B,121305
8088,G,121306
8088,C,121307
8088,E,121308
8088,D,121309
8088,G,121310
8088,A,121311
8088,G,121312
8088,B,121313
8088,A,121314
8088,B,121315
8088,A,121316
8088,E,121317
8088,D,121318
8088,F,121319
8089,B,121320
8089,A,121321
8089,G,121322
8089,G,121323
8089,D,121324
8089,G,121325
8089,C,121326
8089,B,121327
8089,B,121328
8089,E,121329
8089,C,121330
8089,G,121331
8089,D,121332
8089,D,121333
8089,F,121334
8090,B,121335
8090,G,121336
8090,G,121337
8090,B,121338
8090,G,121339
8090,C,121340
8090,A,121341
8090,E,121342
8090,B,121343
8090,A,121344
8090,B,121345
8090,A,121346
8090,G,121347
8090,E,121348
8090,F,121349
8091,B,121350
8091,D,121351
8091,E,121352
8091,C,121353
8091,E,121354
8091,D,121355
8091,B,121356
8091,C,121357
8091,B,121358
8091,A,121359
8091,B,121360
8091,B,121361
8091,B,121362
8091,D,121363
8091,F,121364
8092,B,121365
8092,D,121366
8092,C,121367
8092,G,121368
8092,A,121369
8092,G,121370
8092,B,121371
8092,E,121372
8092,C,121373
8092,G,121374
8092,G,121375
8092,G,121376
8092,B,121377
8092,A,121378
8092,F,121379
8093,B,121380
8093,E,121381
8093,A,121382
8093,D,121383
8093,C,121384
8093,C,121385
8093,E,121386
8093,A,121387
8093,G,121388
8093,D,121389
8093,D,121390
8093,B,121391
8093,C,121392
8093,A,121393
8093,F,121394
8094,B,121395
8094,D,121396
8094,B,121397
8094,A,121398
8094,E,121399
8094,D,121400
8094,D,121401
8094,A,121402
8094,B,121403
8094,B,121404
8094,E,121405
8094,A,121406
8094,D,121407
8094,B,121408
8094,F,121409
8095,B,121410
8095,C,121411
8095,E,121412
8095,G,121413
8095,A,121414
8095,E,121415
8095,D,121416
8095,D,121417
8095,B,121418
8095,D,121419
8095,A,121420
8095,D,121421
8095,C,121422
8095,C,121423
8095,F,121424
8096,B,121425
8096,E,121426
8096,A,121427
8096,C,121428
8096,D,121429
8096,B,121430
8096,G,121431
8096,A,121432
8096,B,121433
8096,B,121434
8096,B,121435
8096,A,121436
8096,E,121437
8096,B,121438
8096,F,121439
8097,B,121440
8097,C,121441
8097,E,121442
8097,C,121443
8097,D,121444
8097,A,121445
8097,G,121446
8097,E,121447
8097,C,121448
8097,E,121449
8097,A,121450
8097,G,121451
8097,B,121452
8097,C,121453
8097,F,121454
8098,B,121455
8098,B,121456
8098,E,121457
8098,E,121458
8098,G,121459
8098,G,121460
8098,C,121461
8098,G,121462
8098,A,121463
8098,G,121464
8098,C,121465
8098,A,121466
8098,C,121467
8098,E,121468
8098,F,121469
8099,B,121470
8099,E,121471
8099,D,121472
8099,A,121473
8099,C,121474
8099,C,121475
8099,B,121476
8099,B,121477
8099,G,121478
8099,E,121479
8099,C,121480
8099,D,121481
8099,B,121482
8099,B,121483
8099,F,121484
8100,B,121485
8100,A,121486
8100,B,121487
8100,E,121488
8100,E,121489
8100,G,121490
8100,E,121491
8100,E,121492
8100,A,121493
8100,C,121494
8100,C,121495
8100,E,121496
8100,G,121497
8100,E,121498
8100,F,121499
