case,activity,time
1,a_1,05/01/2015 00.02.05
1,c_1,05/01/2015 00.02.05
1,d_1,05/01/2015 00.02.11
1,f_1,05/01/2015 00.02.27
2,a_1,05/01/2015 00.02.19
2,d_1,05/01/2015 00.02.21
2,c_1,05/01/2015 00.06.48
2,f_1,05/01/2015 00.06.53
3,b_1,05/01/2015 00.09.57
3,e_1,05/01/2015 00.10.02
3,d_1,05/01/2015 00.11.25
3,g_1,05/01/2015 00.13.49
4,a_1,05/01/2015 00.07.05
4,d_1,05/01/2015 00.08.00
4,c_1,05/01/2015 00.09.15
4,f_1,05/01/2015 00.10.10
5,b_1,05/01/2015 00.06.26
5,d_1,05/01/2015 00.07.16
5,e_1,05/01/2015 00.07.41
5,g_1,05/01/2015 00.08.10
6,a_1,05/01/2015 00.07.22
6,c_1,05/01/2015 00.07.45
6,d_1,05/01/2015 00.09.41
6,f_1,05/01/2015 00.09.55
7,b_1,05/01/2015 00.08.57
7,e_1,05/01/2015 00.09.57
7,d_1,05/01/2015 00.10.16
7,g_1,05/01/2015 00.14.02
8,b_1,05/01/2015 00.09.10
8,d_1,05/01/2015 00.09.11
8,e_1,05/01/2015 00.10.49
8,g_1,05/01/2015 00.11.41
9,b_1,05/01/2015 00.12.37
9,e_1,05/01/2015 00.13.00
9,d_1,05/01/2015 00.13.33
9,g_1,05/01/2015 00.14.01
10,b_1,05/01/2015 00.14.25
10,e_1,05/01/2015 00.14.26
10,d_1,05/01/2015 00.14.59
10,g_1,05/01/2015 00.15.06
11,b_1,05/01/2015 00.17.23
11,e_1,05/01/2015 00.18.06
11,d_1,05/01/2015 00.19.01
11,g_1,05/01/2015 00.19.44
12,a_1,05/01/2015 00.17.58
12,c_1,05/01/2015 00.18.08
12,d_1,05/01/2015 00.18.29
12,f_1,05/01/2015 00.21.09
13,b_1,05/01/2015 00.20.08
13,e_1,05/01/2015 00.20.27
13,d_1,05/01/2015 00.20.39
13,g_1,05/01/2015 00.20.55
14,b_1,05/01/2015 00.19.12
14,e_1,05/01/2015 00.19.16
14,d_1,05/01/2015 00.21.28
14,g_1,05/01/2015 00.23.08
15,b_1,05/01/2015 00.19.22
15,e_1,05/01/2015 00.19.36
15,d_1,05/01/2015 00.19.56
15,g_1,05/01/2015 00.20.31
16,b_1,05/01/2015 00.20.04
16,d_1,05/01/2015 00.20.11
16,e_1,05/01/2015 00.20.34
16,g_1,05/01/2015 00.20.52
17,a_1,05/01/2015 00.19.41
17,d_1,05/01/2015 00.20.07
17,c_1,05/01/2015 00.21.31
17,f_1,05/01/2015 00.21.37
18,a_1,05/01/2015 00.21.53
18,d_1,05/01/2015 00.22.27
18,c_1,05/01/2015 00.23.47
18,f_1,05/01/2015 00.23.59
19,b_1,05/01/2015 00.21.42
19,e_1,05/01/2015 00.21.43
19,d_1,05/01/2015 00.21.44
19,g_1,05/01/2015 00.22.53
20,b_1,05/01/2015 00.24.40
20,d_1,05/01/2015 00.25.32
20,e_1,05/01/2015 00.27.47
20,g_1,05/01/2015 00.28.38
21,b_1,05/01/2015 00.27.33
21,e_1,05/01/2015 00.27.58
21,d_1,05/01/2015 00.28.32
21,g_1,05/01/2015 00.29.43
22,b_1,05/01/2015 00.27.30
22,d_1,05/01/2015 00.28.13
22,e_1,05/01/2015 00.30.00
22,g_1,05/01/2015 00.30.43
23,b_1,05/01/2015 00.27.33
23,d_1,05/01/2015 00.28.09
23,e_1,05/01/2015 00.28.43
23,g_1,05/01/2015 00.31.07
24,a_1,05/01/2015 00.31.19
24,d_1,05/01/2015 00.31.28
24,c_1,05/01/2015 00.31.54
24,x_1,05/01/2015 00.31.54
24,f_1,05/01/2015 00.32.14
25,b_1,05/01/2015 00.33.14
25,e_1,05/01/2015 00.33.43
25,d_1,05/01/2015 00.34.29
25,g_1,05/01/2015 00.37.07
26,a_1,05/01/2015 00.31.32
26,d_1,05/01/2015 00.31.41
26,c_1,05/01/2015 00.32.11
26,f_1,05/01/2015 00.32.33
27,a_1,05/01/2015 00.33.08
27,d_1,05/01/2015 00.33.26
27,c_1,05/01/2015 00.36.09
27,f_1,05/01/2015 00.38.12
28,b_1,05/01/2015 00.33.20
28,d_1,05/01/2015 00.33.21
28,e_1,05/01/2015 00.33.27
28,g_1,05/01/2015 00.35.13
29,b_1,05/01/2015 00.35.10
29,e_1,05/01/2015 00.35.19
29,d_1,05/01/2015 00.35.27
29,g_1,05/01/2015 00.36.37
30,a_1,05/01/2015 00.35.06
30,d_1,05/01/2015 00.35.07
30,c_1,05/01/2015 00.35.59
30,f_1,05/01/2015 00.37.00
31,b_1,05/01/2015 00.40.07
31,e_1,05/01/2015 00.42.06
31,d_1,05/01/2015 00.43.08
31,g_1,05/01/2015 00.46.53
32,b_1,05/01/2015 00.37.45
32,d_1,05/01/2015 00.38.01
32,e_1,05/01/2015 00.38.56
32,g_1,05/01/2015 00.39.28
33,a_1,05/01/2015 00.40.18
33,c_1,05/01/2015 00.40.21
33,d_1,05/01/2015 00.41.53
33,f_1,05/01/2015 00.43.55
34,b_1,05/01/2015 00.38.46
34,d_1,05/01/2015 00.39.51
34,e_1,05/01/2015 00.40.19
34,g_1,05/01/2015 00.40.53
35,a_1,05/01/2015 00.40.58
35,c_1,05/01/2015 00.40.58
35,d_1,05/01/2015 00.41.23
35,f_1,05/01/2015 00.42.25
36,a_1,05/01/2015 00.44.19
36,c_1,05/01/2015 00.44.34
36,d_1,05/01/2015 00.45.13
36,f_1,05/01/2015 00.45.53
37,b_1,05/01/2015 00.43.38
37,e_1,05/01/2015 00.44.14
37,d_1,05/01/2015 00.44.26
37,g_1,05/01/2015 00.47.08
38,b_1,05/01/2015 00.43.07
38,e_1,05/01/2015 00.43.24
38,x_1,05/01/2015 00.44.02
38,d_1,05/01/2015 00.45.37
38,g_1,05/01/2015 00.45.46
39,a_1,05/01/2015 00.45.11
39,d_1,05/01/2015 00.45.19
39,c_1,05/01/2015 00.45.22
39,x_1,05/01/2015 00.45.22
39,f_1,05/01/2015 00.47.33
40,a_1,05/01/2015 00.45.43
40,c_1,05/01/2015 00.46.14
40,d_1,05/01/2015 00.47.45
40,f_1,05/01/2015 00.48.27
41,b_1,05/01/2015 00.46.30
41,d_1,05/01/2015 00.46.47
41,e_1,05/01/2015 00.47.49
41,g_1,05/01/2015 00.48.25
42,a_1,05/01/2015 00.47.04
42,c_1,05/01/2015 00.47.05
42,d_1,05/01/2015 00.48.59
42,f_1,05/01/2015 00.49.31
43,a_1,05/01/2015 00.48.01
43,d_1,05/01/2015 00.48.38
43,c_1,05/01/2015 00.49.58
43,f_1,05/01/2015 00.50.55
44,a_1,05/01/2015 00.48.02
44,c_1,05/01/2015 00.48.11
44,d_1,05/01/2015 00.50.32
44,f_1,05/01/2015 00.51.49
45,a_1,05/01/2015 00.53.58
45,d_1,05/01/2015 00.54.42
45,c_1,05/01/2015 00.55.16
45,f_1,05/01/2015 00.56.05
46,a_1,05/01/2015 00.51.32
46,c_1,05/01/2015 00.51.33
46,d_1,05/01/2015 00.53.46
46,f_1,05/01/2015 00.54.59
47,b_1,05/01/2015 00.57.25
47,e_1,05/01/2015 00.58.05
47,d_1,05/01/2015 00.58.45
47,g_1,05/01/2015 01.00.19
48,b_1,05/01/2015 00.59.08
48,d_1,05/01/2015 00.59.08
48,e_1,05/01/2015 00.59.13
48,g_1,05/01/2015 00.59.33
49,a_1,05/01/2015 01.00.46
49,d_1,05/01/2015 01.00.49
49,c_1,05/01/2015 01.01.26
49,f_1,05/01/2015 01.02.16
50,b_1,05/01/2015 01.02.51
50,d_1,05/01/2015 01.03.25
50,e_1,05/01/2015 01.04.42
50,g_1,05/01/2015 01.07.11
51,a_1,05/01/2015 01.02.07
51,d_1,05/01/2015 01.02.17
51,c_1,05/01/2015 01.03.44
51,f_1,05/01/2015 01.05.11
52,b_1,05/01/2015 01.03.50
52,d_1,05/01/2015 01.04.17
52,e_1,05/01/2015 01.04.42
52,g_1,05/01/2015 01.05.07
53,a_1,05/01/2015 01.03.33
53,d_1,05/01/2015 01.03.53
53,c_1,05/01/2015 01.04.36
53,x_1,05/01/2015 01.04.36
53,f_1,05/01/2015 01.05.11
54,b_1,05/01/2015 01.07.32
54,d_1,05/01/2015 01.07.54
54,e_1,05/01/2015 01.08.36
54,g_1,05/01/2015 01.09.02
55,b_1,05/01/2015 01.06.59
55,e_1,05/01/2015 01.08.20
55,d_1,05/01/2015 01.08.49
55,g_1,05/01/2015 01.09.01
56,a_1,05/01/2015 01.07.05
56,c_1,05/01/2015 01.07.07
56,d_1,05/01/2015 01.07.12
56,f_1,05/01/2015 01.07.44
57,a_1,05/01/2015 01.09.31
57,c_1,05/01/2015 01.09.56
57,d_1,05/01/2015 01.13.14
57,f_1,05/01/2015 01.13.52
58,b_1,05/01/2015 01.11.49
58,e_1,05/01/2015 01.12.28
58,d_1,05/01/2015 01.12.32
58,g_1,05/01/2015 01.13.03
59,b_1,05/01/2015 01.11.56
59,d_1,05/01/2015 01.12.46
59,e_1,05/01/2015 01.13.00
59,g_1,05/01/2015 01.15.22
60,b_1,05/01/2015 01.14.12
60,d_1,05/01/2015 01.14.26
60,e_1,05/01/2015 01.15.00
60,g_1,05/01/2015 01.16.35
61,a_1,05/01/2015 01.14.07
61,d_1,05/01/2015 01.14.21
61,c_1,05/01/2015 01.15.18
61,f_1,05/01/2015 01.17.13
62,b_1,05/01/2015 01.16.17
62,d_1,05/01/2015 01.16.40
62,e_1,05/01/2015 01.16.45
62,g_1,05/01/2015 01.17.32
63,a_1,05/01/2015 01.15.40
63,d_1,05/01/2015 01.16.10
63,c_1,05/01/2015 01.16.56
63,f_1,05/01/2015 01.20.06
64,b_1,05/01/2015 01.16.57
64,e_1,05/01/2015 01.18.05
64,d_1,05/01/2015 01.22.34
64,g_1,05/01/2015 01.23.33
65,a_1,05/01/2015 01.16.08
65,d_1,05/01/2015 01.16.25
65,c_1,05/01/2015 01.16.50
65,f_1,05/01/2015 01.17.20
66,a_1,05/01/2015 01.16.11
66,c_1,05/01/2015 01.16.20
66,d_1,05/01/2015 01.19.32
66,f_1,05/01/2015 01.20.39
67,a_1,05/01/2015 01.17.19
67,d_1,05/01/2015 01.18.01
67,c_1,05/01/2015 01.19.34
67,x_1,05/01/2015 01.19.34
67,f_1,05/01/2015 01.19.43
68,b_1,05/01/2015 01.17.15
68,d_1,05/01/2015 01.18.17
68,e_1,05/01/2015 01.19.18
68,g_1,05/01/2015 01.19.59
69,a_1,05/01/2015 01.18.46
69,c_1,05/01/2015 01.20.55
69,d_1,05/01/2015 01.22.39
69,f_1,05/01/2015 01.25.51
70,a_1,05/01/2015 01.18.12
70,d_1,05/01/2015 01.19.10
70,c_1,05/01/2015 01.19.14
70,f_1,05/01/2015 01.19.17
71,a_1,05/01/2015 01.21.29
71,d_1,05/01/2015 01.21.58
71,c_1,05/01/2015 01.22.59
71,f_1,05/01/2015 01.23.58
72,a_1,05/01/2015 01.19.21
72,d_1,05/01/2015 01.20.42
72,c_1,05/01/2015 01.22.35
72,f_1,05/01/2015 01.23.30
73,b_1,05/01/2015 01.22.15
73,d_1,05/01/2015 01.22.33
73,e_1,05/01/2015 01.23.04
73,g_1,05/01/2015 01.24.02
74,a_1,05/01/2015 01.21.04
74,d_1,05/01/2015 01.21.05
74,c_1,05/01/2015 01.22.00
74,f_1,05/01/2015 01.23.28
75,b_1,05/01/2015 01.21.27
75,d_1,05/01/2015 01.21.31
75,e_1,05/01/2015 01.21.50
75,g_1,05/01/2015 01.24.25
76,a_1,05/01/2015 01.21.35
76,d_1,05/01/2015 01.22.19
76,c_1,05/01/2015 01.23.06
76,f_1,05/01/2015 01.24.44
77,b_1,05/01/2015 01.21.58
77,d_1,05/01/2015 01.22.14
77,e_1,05/01/2015 01.22.37
77,g_1,05/01/2015 01.23.08
78,a_1,05/01/2015 01.21.54
78,c_1,05/01/2015 01.22.48
78,d_1,05/01/2015 01.23.01
78,f_1,05/01/2015 01.26.03
79,b_1,05/01/2015 01.23.42
79,e_1,05/01/2015 01.23.48
79,d_1,05/01/2015 01.23.51
79,g_1,05/01/2015 01.25.40
80,b_1,05/01/2015 01.24.52
80,e_1,05/01/2015 01.25.57
80,d_1,05/01/2015 01.28.17
80,g_1,05/01/2015 01.28.29
81,a_1,05/01/2015 01.25.22
81,d_1,05/01/2015 01.25.32
81,c_1,05/01/2015 01.25.43
81,f_1,05/01/2015 01.27.05
82,b_1,05/01/2015 01.25.19
82,d_1,05/01/2015 01.25.48
82,e_1,05/01/2015 01.25.55
82,g_1,05/01/2015 01.26.17
83,b_1,05/01/2015 01.25.31
83,e_1,05/01/2015 01.25.32
83,d_1,05/01/2015 01.26.04
83,g_1,05/01/2015 01.28.18
84,b_1,05/01/2015 01.26.38
84,e_1,05/01/2015 01.27.40
84,d_1,05/01/2015 01.28.11
84,g_1,05/01/2015 01.30.01
85,a_1,05/01/2015 01.26.19
85,d_1,05/01/2015 01.26.27
85,c_1,05/01/2015 01.28.19
85,f_1,05/01/2015 01.31.03
86,b_1,05/01/2015 01.27.21
86,e_1,05/01/2015 01.28.00
86,d_1,05/01/2015 01.29.45
86,x_1,05/01/2015 01.32.44
86,g_1,05/01/2015 01.33.16
87,a_1,05/01/2015 01.26.29
87,c_1,05/01/2015 01.26.31
87,d_1,05/01/2015 01.28.56
87,f_1,05/01/2015 01.29.06
88,a_1,05/01/2015 01.26.56
88,d_1,05/01/2015 01.27.07
88,c_1,05/01/2015 01.28.31
88,f_1,05/01/2015 01.29.41
89,a_1,05/01/2015 01.31.59
89,c_1,05/01/2015 01.32.44
89,d_1,05/01/2015 01.36.10
89,f_1,05/01/2015 01.36.11
90,a_1,05/01/2015 01.30.32
90,d_1,05/01/2015 01.30.42
90,c_1,05/01/2015 01.31.02
90,f_1,05/01/2015 01.33.17
91,a_1,05/01/2015 01.30.40
91,c_1,05/01/2015 01.31.06
91,d_1,05/01/2015 01.31.19
91,f_1,05/01/2015 01.31.22
92,b_1,05/01/2015 01.30.47
92,d_1,05/01/2015 01.31.56
92,e_1,05/01/2015 01.32.44
92,g_1,05/01/2015 01.34.38
93,b_1,05/01/2015 01.31.21
93,e_1,05/01/2015 01.33.43
93,d_1,05/01/2015 01.33.56
93,g_1,05/01/2015 01.35.25
94,a_1,05/01/2015 01.42.46
94,d_1,05/01/2015 01.42.54
94,c_1,05/01/2015 01.45.05
94,x_1,05/01/2015 01.45.05
94,f_1,05/01/2015 01.45.20
95,b_1,05/01/2015 01.41.45
95,d_1,05/01/2015 01.42.17
95,e_1,05/01/2015 01.42.39
95,g_1,05/01/2015 01.43.22
96,b_1,05/01/2015 01.43.07
96,e_1,05/01/2015 01.43.18
96,d_1,05/01/2015 01.43.21
96,g_1,05/01/2015 01.44.58
97,b_1,05/01/2015 01.44.42
97,e_1,05/01/2015 01.44.57
97,d_1,05/01/2015 01.45.58
97,g_1,05/01/2015 01.47.55
98,a_1,05/01/2015 01.43.20
98,d_1,05/01/2015 01.43.21
98,c_1,05/01/2015 01.44.08
98,f_1,05/01/2015 01.44.36
99,a_1,05/01/2015 01.46.06
99,d_1,05/01/2015 01.46.12
99,c_1,05/01/2015 01.48.32
99,f_1,05/01/2015 01.51.12
100,a_1,05/01/2015 01.47.34
100,d_1,05/01/2015 01.47.35
100,c_1,05/01/2015 01.47.52
100,f_1,05/01/2015 01.50.10
101,b_1,05/01/2015 01.46.57
101,e_1,05/01/2015 01.48.06
101,d_1,05/01/2015 01.48.07
101,g_1,05/01/2015 01.49.54
102,a_1,05/01/2015 01.50.46
102,c_1,05/01/2015 01.51.13
102,d_1,05/01/2015 01.51.56
102,f_1,05/01/2015 01.52.50
103,b_1,05/01/2015 01.48.17
103,d_1,05/01/2015 01.48.22
103,e_1,05/01/2015 01.49.32
103,g_1,05/01/2015 01.54.02
104,a_1,05/01/2015 01.48.58
104,d_1,05/01/2015 01.49.01
104,c_1,05/01/2015 01.49.03
104,f_1,05/01/2015 01.49.29
105,a_1,05/01/2015 01.51.40
105,c_1,05/01/2015 01.51.55
105,x_1,05/01/2015 01.51.55
105,d_1,05/01/2015 01.52.04
105,f_1,05/01/2015 01.53.35
106,a_1,05/01/2015 01.52.17
106,c_1,05/01/2015 01.52.53
106,d_1,05/01/2015 01.53.05
106,f_1,05/01/2015 01.54.26
107,b_1,05/01/2015 01.54.46
107,e_1,05/01/2015 01.54.48
107,d_1,05/01/2015 01.55.22
107,g_1,05/01/2015 01.55.32
108,b_1,05/01/2015 01.54.46
108,d_1,05/01/2015 01.56.59
108,e_1,05/01/2015 01.58.06
108,g_1,05/01/2015 01.59.20
109,b_1,05/01/2015 01.54.46
109,e_1,05/01/2015 01.54.56
109,d_1,05/01/2015 01.55.09
109,g_1,05/01/2015 01.56.46
110,b_1,05/01/2015 01.56.23
110,e_1,05/01/2015 01.57.06
110,d_1,05/01/2015 01.57.55
110,g_1,05/01/2015 01.59.17
111,a_1,05/01/2015 01.56.39
111,c_1,05/01/2015 01.57.02
111,x_1,05/01/2015 01.57.02
111,d_1,05/01/2015 01.57.43
111,f_1,05/01/2015 01.58.15
112,b_1,05/01/2015 01.56.29
112,d_1,05/01/2015 01.56.49
112,e_1,05/01/2015 01.58.33
112,g_1,05/01/2015 01.59.07
113,b_1,05/01/2015 01.57.23
113,d_1,05/01/2015 01.58.09
113,e_1,05/01/2015 01.58.33
113,g_1,05/01/2015 02.01.21
114,a_1,05/01/2015 01.57.23
114,c_1,05/01/2015 01.57.48
114,d_1,05/01/2015 01.58.23
114,f_1,05/01/2015 01.59.11
115,a_1,05/01/2015 01.59.17
115,c_1,05/01/2015 01.59.30
115,d_1,05/01/2015 01.59.37
115,f_1,05/01/2015 02.00.09
116,b_1,05/01/2015 02.01.32
116,d_1,05/01/2015 02.01.32
116,e_1,05/01/2015 02.03.40
116,g_1,05/01/2015 02.09.15
117,b_1,05/01/2015 02.01.16
117,d_1,05/01/2015 02.03.03
117,e_1,05/01/2015 02.06.16
117,g_1,05/01/2015 02.09.10
118,a_1,05/01/2015 02.01.19
118,d_1,05/01/2015 02.01.27
118,c_1,05/01/2015 02.02.05
118,f_1,05/01/2015 02.03.00
119,b_1,05/01/2015 02.02.38
119,e_1,05/01/2015 02.02.54
119,d_1,05/01/2015 02.08.44
119,g_1,05/01/2015 02.09.45
120,b_1,05/01/2015 02.01.27
120,d_1,05/01/2015 02.01.41
120,e_1,05/01/2015 02.01.50
120,g_1,05/01/2015 02.02.13
121,a_1,05/01/2015 02.01.16
121,c_1,05/01/2015 02.01.26
121,d_1,05/01/2015 02.02.08
121,f_1,05/01/2015 02.02.24
122,b_1,05/01/2015 02.01.56
122,e_1,05/01/2015 02.01.58
122,d_1,05/01/2015 02.05.38
122,g_1,05/01/2015 02.05.40
123,a_1,05/01/2015 02.02.12
123,d_1,05/01/2015 02.02.50
123,c_1,05/01/2015 02.03.55
123,f_1,05/01/2015 02.04.49
124,a_1,05/01/2015 02.02.48
124,c_1,05/01/2015 02.03.31
124,d_1,05/01/2015 02.04.29
124,f_1,05/01/2015 02.07.55
125,b_1,05/01/2015 02.09.07
125,e_1,05/01/2015 02.09.08
125,d_1,05/01/2015 02.12.16
125,g_1,05/01/2015 02.13.04
126,a_1,05/01/2015 02.08.04
126,d_1,05/01/2015 02.08.37
126,c_1,05/01/2015 02.10.03
126,f_1,05/01/2015 02.11.26
127,b_1,05/01/2015 02.11.28
127,d_1,05/01/2015 02.12.45
127,e_1,05/01/2015 02.13.30
127,g_1,05/01/2015 02.14.44
128,b_1,05/01/2015 02.10.18
128,e_1,05/01/2015 02.10.31
128,d_1,05/01/2015 02.11.44
128,g_1,05/01/2015 02.12.18
129,a_1,05/01/2015 02.10.58
129,d_1,05/01/2015 02.11.01
129,c_1,05/01/2015 02.11.03
129,f_1,05/01/2015 02.11.55
130,a_1,05/01/2015 02.12.09
130,d_1,05/01/2015 02.12.35
130,c_1,05/01/2015 02.13.48
130,f_1,05/01/2015 02.13.54
131,b_1,05/01/2015 02.12.59
131,d_1,05/01/2015 02.13.02
131,e_1,05/01/2015 02.13.02
131,g_1,05/01/2015 02.13.38
132,b_1,05/01/2015 02.11.50
132,e_1,05/01/2015 02.12.07
132,d_1,05/01/2015 02.12.10
132,g_1,05/01/2015 02.13.24
133,a_1,05/01/2015 02.12.55
133,c_1,05/01/2015 02.13.15
133,d_1,05/01/2015 02.14.44
133,f_1,05/01/2015 02.14.45
134,a_1,05/01/2015 02.12.16
134,c_1,05/01/2015 02.12.29
134,d_1,05/01/2015 02.12.47
134,f_1,05/01/2015 02.14.49
135,a_1,05/01/2015 02.13.10
135,d_1,05/01/2015 02.13.52
135,c_1,05/01/2015 02.14.03
135,f_1,05/01/2015 02.14.57
136,b_1,05/01/2015 02.13.12
136,d_1,05/01/2015 02.13.23
136,e_1,05/01/2015 02.13.25
136,g_1,05/01/2015 02.14.44
137,a_1,05/01/2015 02.14.12
137,d_1,05/01/2015 02.14.35
137,c_1,05/01/2015 02.15.33
137,f_1,05/01/2015 02.15.51
138,a_1,05/01/2015 02.15.22
138,d_1,05/01/2015 02.15.38
138,c_1,05/01/2015 02.15.54
138,f_1,05/01/2015 02.16.19
139,b_1,05/01/2015 02.14.40
139,e_1,05/01/2015 02.15.08
139,d_1,05/01/2015 02.15.51
139,g_1,05/01/2015 02.16.51
140,b_1,05/01/2015 02.17.00
140,e_1,05/01/2015 02.17.55
140,d_1,05/01/2015 02.18.06
140,x_1,05/01/2015 02.18.54
140,g_1,05/01/2015 02.21.07
141,b_1,05/01/2015 02.17.14
141,e_1,05/01/2015 02.17.14
141,d_1,05/01/2015 02.17.32
141,g_1,05/01/2015 02.18.17
142,a_1,05/01/2015 02.20.06
142,d_1,05/01/2015 02.20.51
142,c_1,05/01/2015 02.21.47
142,f_1,05/01/2015 02.21.53
143,a_1,05/01/2015 02.22.32
143,d_1,05/01/2015 02.22.52
143,c_1,05/01/2015 02.22.55
143,f_1,05/01/2015 02.23.46
144,b_1,05/01/2015 02.24.35
144,d_1,05/01/2015 02.25.40
144,e_1,05/01/2015 02.26.59
144,g_1,05/01/2015 02.27.31
145,b_1,05/01/2015 02.25.08
145,e_1,05/01/2015 02.26.03
145,d_1,05/01/2015 02.26.47
145,x_1,05/01/2015 02.27.06
145,g_1,05/01/2015 02.27.43
146,b_1,05/01/2015 02.25.42
146,d_1,05/01/2015 02.25.56
146,e_1,05/01/2015 02.26.38
146,g_1,05/01/2015 02.27.06
147,a_1,05/01/2015 02.26.03
147,c_1,05/01/2015 02.26.14
147,d_1,05/01/2015 02.26.20
147,f_1,05/01/2015 02.28.22
148,b_1,05/01/2015 02.26.51
148,e_1,05/01/2015 02.26.59
148,d_1,05/01/2015 02.27.26
148,g_1,05/01/2015 02.28.05
149,b_1,05/01/2015 02.27.03
149,d_1,05/01/2015 02.27.34
149,e_1,05/01/2015 02.29.23
149,g_1,05/01/2015 02.30.52
150,a_1,05/01/2015 02.29.01
150,c_1,05/01/2015 02.29.25
150,d_1,05/01/2015 02.31.56
150,f_1,05/01/2015 02.34.03
151,b_1,05/01/2015 02.31.52
151,d_1,05/01/2015 02.32.06
151,e_1,05/01/2015 02.32.11
151,g_1,05/01/2015 02.32.43
152,b_1,05/01/2015 02.29.19
152,d_1,05/01/2015 02.29.55
152,e_1,05/01/2015 02.31.31
152,g_1,05/01/2015 02.32.32
153,a_1,05/01/2015 02.29.31
153,d_1,05/01/2015 02.29.53
153,c_1,05/01/2015 02.32.10
153,f_1,05/01/2015 02.32.58
154,a_1,05/01/2015 02.30.39
154,d_1,05/01/2015 02.31.09
154,c_1,05/01/2015 02.32.24
154,f_1,05/01/2015 02.33.54
155,b_1,05/01/2015 02.29.39
155,d_1,05/01/2015 02.29.45
155,e_1,05/01/2015 02.29.56
155,g_1,05/01/2015 02.30.58
156,a_1,05/01/2015 02.31.14
156,d_1,05/01/2015 02.31.44
156,c_1,05/01/2015 02.33.49
156,f_1,05/01/2015 02.35.23
157,b_1,05/01/2015 02.36.05
157,d_1,05/01/2015 02.36.34
157,e_1,05/01/2015 02.37.18
157,g_1,05/01/2015 02.39.44
158,a_1,05/01/2015 02.33.17
158,c_1,05/01/2015 02.33.36
158,d_1,05/01/2015 02.34.15
158,f_1,05/01/2015 02.36.03
159,a_1,05/01/2015 02.32.40
159,d_1,05/01/2015 02.33.01
159,c_1,05/01/2015 02.33.14
159,f_1,05/01/2015 02.33.55
160,a_1,05/01/2015 02.34.48
160,d_1,05/01/2015 02.34.55
160,c_1,05/01/2015 02.37.13
160,f_1,05/01/2015 02.37.53
161,b_1,05/01/2015 02.32.58
161,d_1,05/01/2015 02.33.14
161,e_1,05/01/2015 02.33.43
161,g_1,05/01/2015 02.34.07
162,b_1,05/01/2015 02.32.56
162,d_1,05/01/2015 02.33.13
162,e_1,05/01/2015 02.34.08
162,x_1,05/01/2015 02.37.18
162,x_1,05/01/2015 02.37.18
162,g_1,05/01/2015 02.38.10
163,a_1,05/01/2015 02.35.29
163,d_1,05/01/2015 02.35.55
163,c_1,05/01/2015 02.36.14
163,f_1,05/01/2015 02.37.36
164,b_1,05/01/2015 02.35.40
164,e_1,05/01/2015 02.36.05
164,d_1,05/01/2015 02.36.38
164,g_1,05/01/2015 02.37.43
165,a_1,05/01/2015 02.39.21
165,c_1,05/01/2015 02.39.37
165,d_1,05/01/2015 02.42.53
165,f_1,05/01/2015 02.43.43
166,b_1,05/01/2015 02.38.58
166,e_1,05/01/2015 02.39.15
166,d_1,05/01/2015 02.40.50
166,g_1,05/01/2015 02.42.15
167,b_1,05/01/2015 02.38.30
167,e_1,05/01/2015 02.38.49
167,d_1,05/01/2015 02.42.41
167,g_1,05/01/2015 02.45.54
168,b_1,05/01/2015 02.41.45
168,e_1,05/01/2015 02.42.52
168,d_1,05/01/2015 02.43.38
168,g_1,05/01/2015 02.44.30
169,a_1,05/01/2015 02.41.35
169,c_1,05/01/2015 02.42.44
169,d_1,05/01/2015 02.43.46
169,f_1,05/01/2015 02.44.21
170,a_1,05/01/2015 02.42.45
170,c_1,05/01/2015 02.43.11
170,d_1,05/01/2015 02.43.48
170,f_1,05/01/2015 02.44.24
171,b_1,05/01/2015 02.42.27
171,d_1,05/01/2015 02.42.50
171,e_1,05/01/2015 02.43.54
171,g_1,05/01/2015 02.44.55
172,b_1,05/01/2015 02.42.53
172,d_1,05/01/2015 02.43.21
172,e_1,05/01/2015 02.43.32
172,g_1,05/01/2015 02.43.57
173,b_1,05/01/2015 02.42.24
173,d_1,05/01/2015 02.45.25
173,e_1,05/01/2015 02.47.31
173,g_1,05/01/2015 02.48.26
174,a_1,05/01/2015 02.42.40
174,d_1,05/01/2015 02.42.59
174,c_1,05/01/2015 02.43.03
174,f_1,05/01/2015 02.44.39
175,a_1,05/01/2015 02.45.18
175,c_1,05/01/2015 02.45.42
175,d_1,05/01/2015 02.47.20
175,f_1,05/01/2015 02.47.28
176,a_1,05/01/2015 02.48.17
176,c_1,05/01/2015 02.48.50
176,x_1,05/01/2015 02.48.50
176,d_1,05/01/2015 02.49.25
176,f_1,05/01/2015 02.50.35
177,a_1,05/01/2015 02.47.09
177,d_1,05/01/2015 02.47.42
177,c_1,05/01/2015 02.50.00
177,f_1,05/01/2015 02.51.31
178,a_1,05/01/2015 02.51.40
178,d_1,05/01/2015 02.51.49
178,c_1,05/01/2015 02.54.21
178,f_1,05/01/2015 02.55.03
179,b_1,05/01/2015 02.52.17
179,d_1,05/01/2015 02.52.29
179,e_1,05/01/2015 02.54.56
179,g_1,05/01/2015 02.56.05
180,a_1,05/01/2015 02.52.47
180,d_1,05/01/2015 02.53.00
180,c_1,05/01/2015 02.54.10
180,f_1,05/01/2015 02.55.31
181,b_1,05/01/2015 02.53.48
181,d_1,05/01/2015 02.54.06
181,e_1,05/01/2015 02.54.12
181,g_1,05/01/2015 02.54.35
182,b_1,05/01/2015 02.54.00
182,d_1,05/01/2015 02.54.46
182,e_1,05/01/2015 02.55.25
182,x_1,05/01/2015 02.57.36
182,g_1,05/01/2015 02.59.42
183,b_1,05/01/2015 02.55.54
183,d_1,05/01/2015 02.57.16
183,e_1,05/01/2015 02.59.52
183,g_1,05/01/2015 03.00.51
184,b_1,05/01/2015 02.55.23
184,d_1,05/01/2015 02.55.30
184,e_1,05/01/2015 02.55.56
184,g_1,05/01/2015 02.57.29
185,a_1,05/01/2015 02.56.01
185,c_1,05/01/2015 02.56.34
185,d_1,05/01/2015 02.59.21
185,f_1,05/01/2015 03.00.37
186,b_1,05/01/2015 02.56.29
186,d_1,05/01/2015 02.56.56
186,e_1,05/01/2015 02.57.36
186,g_1,05/01/2015 02.57.48
187,b_1,05/01/2015 02.56.48
187,d_1,05/01/2015 02.56.57
187,e_1,05/01/2015 02.58.26
187,g_1,05/01/2015 02.58.34
188,a_1,05/01/2015 02.56.24
188,c_1,05/01/2015 02.56.39
188,d_1,05/01/2015 02.57.06
188,f_1,05/01/2015 02.57.46
189,a_1,05/01/2015 02.57.33
189,c_1,05/01/2015 02.57.35
189,d_1,05/01/2015 02.57.48
189,f_1,05/01/2015 02.58.29
190,b_1,05/01/2015 02.58.22
190,d_1,05/01/2015 02.58.43
190,e_1,05/01/2015 02.58.56
190,g_1,05/01/2015 03.01.12
191,a_1,05/01/2015 03.01.28
191,d_1,05/01/2015 03.01.52
191,c_1,05/01/2015 03.01.56
191,f_1,05/01/2015 03.02.51
192,b_1,05/01/2015 03.03.11
192,e_1,05/01/2015 03.03.15
192,d_1,05/01/2015 03.04.15
192,g_1,05/01/2015 03.04.35
193,b_1,05/01/2015 03.02.34
193,d_1,05/01/2015 03.03.49
193,e_1,05/01/2015 03.04.27
193,g_1,05/01/2015 03.06.16
194,b_1,05/01/2015 03.03.35
194,e_1,05/01/2015 03.04.13
194,d_1,05/01/2015 03.06.23
194,g_1,05/01/2015 03.07.16
195,b_1,05/01/2015 03.04.51
195,e_1,05/01/2015 03.05.14
195,d_1,05/01/2015 03.05.29
195,g_1,05/01/2015 03.06.05
196,a_1,05/01/2015 03.07.02
196,d_1,05/01/2015 03.07.15
196,c_1,05/01/2015 03.07.54
196,f_1,05/01/2015 03.08.11
197,a_1,05/01/2015 03.06.50
197,d_1,05/01/2015 03.08.10
197,c_1,05/01/2015 03.09.34
197,f_1,05/01/2015 03.09.59
198,b_1,05/01/2015 03.06.53
198,e_1,05/01/2015 03.07.28
198,d_1,05/01/2015 03.07.55
198,g_1,05/01/2015 03.08.52
199,a_1,05/01/2015 03.07.41
199,c_1,05/01/2015 03.08.09
199,d_1,05/01/2015 03.08.52
199,f_1,05/01/2015 03.10.23
200,a_1,05/01/2015 03.09.39
200,d_1,05/01/2015 03.11.26
200,c_1,05/01/2015 03.14.43
200,f_1,05/01/2015 03.18.09
201,a_1,05/01/2015 03.12.36
201,c_1,05/01/2015 03.13.00
201,d_1,05/01/2015 03.14.16
201,f_1,05/01/2015 03.17.09
202,a_1,05/01/2015 03.09.58
202,c_1,05/01/2015 03.10.10
202,d_1,05/01/2015 03.12.15
202,f_1,05/01/2015 03.12.47
203,a_1,05/01/2015 03.11.40
203,c_1,05/01/2015 03.12.28
203,d_1,05/01/2015 03.12.30
203,f_1,05/01/2015 03.13.08
204,a_1,05/01/2015 03.12.01
204,c_1,05/01/2015 03.13.23
204,d_1,05/01/2015 03.13.32
204,f_1,05/01/2015 03.18.02
205,b_1,05/01/2015 03.14.29
205,e_1,05/01/2015 03.15.02
205,d_1,05/01/2015 03.15.04
205,g_1,05/01/2015 03.16.23
206,a_1,05/01/2015 03.17.00
206,c_1,05/01/2015 03.17.21
206,d_1,05/01/2015 03.20.11
206,f_1,05/01/2015 03.21.49
207,a_1,05/01/2015 03.18.23
207,c_1,05/01/2015 03.19.37
207,d_1,05/01/2015 03.19.39
207,f_1,05/01/2015 03.20.19
208,a_1,05/01/2015 03.17.32
208,c_1,05/01/2015 03.17.44
208,d_1,05/01/2015 03.20.51
208,f_1,05/01/2015 03.21.44
209,b_1,05/01/2015 03.17.13
209,e_1,05/01/2015 03.18.05
209,x_1,05/01/2015 03.18.27
209,d_1,05/01/2015 03.19.33
209,g_1,05/01/2015 03.19.47
210,a_1,05/01/2015 03.17.51
210,d_1,05/01/2015 03.18.09
210,c_1,05/01/2015 03.18.11
210,f_1,05/01/2015 03.19.18
211,b_1,05/01/2015 03.18.35
211,e_1,05/01/2015 03.18.47
211,d_1,05/01/2015 03.19.48
211,g_1,05/01/2015 03.23.45
212,a_1,05/01/2015 03.18.54
212,c_1,05/01/2015 03.19.02
212,d_1,05/01/2015 03.19.30
212,f_1,05/01/2015 03.21.09
213,b_1,05/01/2015 03.19.17
213,e_1,05/01/2015 03.19.34
213,d_1,05/01/2015 03.20.44
213,g_1,05/01/2015 03.21.25
214,a_1,05/01/2015 03.19.29
214,d_1,05/01/2015 03.19.32
214,c_1,05/01/2015 03.20.24
214,x_1,05/01/2015 03.20.24
214,f_1,05/01/2015 03.20.41
215,b_1,05/01/2015 03.21.38
215,d_1,05/01/2015 03.22.25
215,e_1,05/01/2015 03.23.07
215,g_1,05/01/2015 03.23.24
216,b_1,05/01/2015 03.22.28
216,e_1,05/01/2015 03.22.48
216,d_1,05/01/2015 03.24.20
216,g_1,05/01/2015 03.26.01
217,b_1,05/01/2015 03.22.48
217,e_1,05/01/2015 03.22.49
217,d_1,05/01/2015 03.26.35
217,x_1,05/01/2015 03.27.19
217,g_1,05/01/2015 03.27.37
218,b_1,05/01/2015 03.23.51
218,d_1,05/01/2015 03.24.54
218,e_1,05/01/2015 03.27.54
218,g_1,05/01/2015 03.29.51
219,b_1,05/01/2015 03.26.41
219,e_1,05/01/2015 03.26.59
219,d_1,05/01/2015 03.27.48
219,g_1,05/01/2015 03.28.40
220,b_1,05/01/2015 03.26.02
220,d_1,05/01/2015 03.26.05
220,e_1,05/01/2015 03.26.53
220,g_1,05/01/2015 03.27.32
221,b_1,05/01/2015 03.26.59
221,e_1,05/01/2015 03.27.04
221,d_1,05/01/2015 03.28.26
221,g_1,05/01/2015 03.30.37
222,a_1,05/01/2015 03.27.34
222,d_1,05/01/2015 03.27.45
222,c_1,05/01/2015 03.28.43
222,f_1,05/01/2015 03.29.43
223,a_1,05/01/2015 03.29.34
223,c_1,05/01/2015 03.30.12
223,d_1,05/01/2015 03.30.28
223,f_1,05/01/2015 03.31.32
224,b_1,05/01/2015 03.28.11
224,e_1,05/01/2015 03.28.50
224,d_1,05/01/2015 03.33.15
224,x_1,05/01/2015 03.36.11
224,g_1,05/01/2015 03.36.12
225,a_1,05/01/2015 03.29.40
225,d_1,05/01/2015 03.30.00
225,c_1,05/01/2015 03.30.40
225,f_1,05/01/2015 03.31.06
226,b_1,05/01/2015 03.30.17
226,d_1,05/01/2015 03.31.05
226,e_1,05/01/2015 03.32.04
226,g_1,05/01/2015 03.33.56
227,b_1,05/01/2015 03.31.09
227,e_1,05/01/2015 03.32.04
227,d_1,05/01/2015 03.33.05
227,g_1,05/01/2015 03.34.11
228,a_1,05/01/2015 03.36.03
228,d_1,05/01/2015 03.36.04
228,c_1,05/01/2015 03.38.15
228,f_1,05/01/2015 03.40.22
229,b_1,05/01/2015 03.33.23
229,e_1,05/01/2015 03.34.28
229,d_1,05/01/2015 03.35.01
229,g_1,05/01/2015 03.35.17
230,a_1,05/01/2015 03.33.14
230,c_1,05/01/2015 03.33.40
230,d_1,05/01/2015 03.34.06
230,f_1,05/01/2015 03.34.07
231,b_1,05/01/2015 03.34.35
231,d_1,05/01/2015 03.35.14
231,e_1,05/01/2015 03.35.14
231,g_1,05/01/2015 03.36.11
232,b_1,05/01/2015 03.37.26
232,e_1,05/01/2015 03.37.48
232,d_1,05/01/2015 03.39.05
232,g_1,05/01/2015 03.40.44
233,a_1,05/01/2015 03.38.28
233,d_1,05/01/2015 03.38.52
233,c_1,05/01/2015 03.40.31
233,f_1,05/01/2015 03.43.11
234,a_1,05/01/2015 03.39.16
234,c_1,05/01/2015 03.39.19
234,d_1,05/01/2015 03.40.32
234,f_1,05/01/2015 03.41.10
235,a_1,05/01/2015 03.40.20
235,d_1,05/01/2015 03.40.53
235,c_1,05/01/2015 03.41.06
235,f_1,05/01/2015 03.46.28
236,a_1,05/01/2015 03.40.12
236,c_1,05/01/2015 03.40.22
236,d_1,05/01/2015 03.45.23
236,f_1,05/01/2015 03.47.55
237,b_1,05/01/2015 03.43.01
237,d_1,05/01/2015 03.43.28
237,e_1,05/01/2015 03.43.40
237,g_1,05/01/2015 03.46.57
238,a_1,05/01/2015 03.40.56
238,d_1,05/01/2015 03.41.40
238,c_1,05/01/2015 03.42.18
238,f_1,05/01/2015 03.44.20
239,a_1,05/01/2015 03.41.41
239,c_1,05/01/2015 03.42.03
239,d_1,05/01/2015 03.43.37
239,f_1,05/01/2015 03.47.41
240,b_1,05/01/2015 03.41.42
240,d_1,05/01/2015 03.41.57
240,e_1,05/01/2015 03.44.43
240,g_1,05/01/2015 03.44.57
241,b_1,05/01/2015 03.41.47
241,e_1,05/01/2015 03.42.53
241,d_1,05/01/2015 03.43.52
241,g_1,05/01/2015 03.44.12
242,b_1,05/01/2015 03.44.28
242,d_1,05/01/2015 03.44.38
242,e_1,05/01/2015 03.45.28
242,g_1,05/01/2015 03.49.36
243,a_1,05/01/2015 03.45.53
243,c_1,05/01/2015 03.47.43
243,d_1,05/01/2015 03.49.24
243,f_1,05/01/2015 03.51.14
244,b_1,05/01/2015 03.48.27
244,e_1,05/01/2015 03.48.30
244,d_1,05/01/2015 03.50.43
244,g_1,05/01/2015 03.51.42
245,b_1,05/01/2015 03.49.03
245,d_1,05/01/2015 03.50.28
245,e_1,05/01/2015 03.50.59
245,g_1,05/01/2015 03.55.55
246,a_1,05/01/2015 03.50.40
246,d_1,05/01/2015 03.51.04
246,c_1,05/01/2015 03.52.17
246,f_1,05/01/2015 03.53.07
247,b_1,05/01/2015 03.50.48
247,d_1,05/01/2015 03.51.22
247,e_1,05/01/2015 03.51.51
247,g_1,05/01/2015 03.52.20
248,b_1,05/01/2015 03.57.24
248,d_1,05/01/2015 03.59.42
248,e_1,05/01/2015 04.00.08
248,g_1,05/01/2015 04.04.07
249,a_1,05/01/2015 03.57.07
249,c_1,05/01/2015 03.57.30
249,d_1,05/01/2015 03.58.49
249,f_1,05/01/2015 04.01.03
250,b_1,05/01/2015 03.56.54
250,d_1,05/01/2015 03.56.56
250,e_1,05/01/2015 03.57.14
250,g_1,05/01/2015 03.57.27
251,a_1,05/01/2015 03.57.39
251,d_1,05/01/2015 03.57.46
251,c_1,05/01/2015 03.58.21
251,f_1,05/01/2015 03.59.45
252,a_1,05/01/2015 03.59.38
252,c_1,05/01/2015 04.00.25
252,d_1,05/01/2015 04.02.24
252,f_1,05/01/2015 04.02.57
253,a_1,05/01/2015 03.58.50
253,d_1,05/01/2015 03.59.37
253,c_1,05/01/2015 04.00.00
253,x_1,05/01/2015 04.00.00
253,f_1,05/01/2015 04.00.56
254,b_1,05/01/2015 04.01.24
254,d_1,05/01/2015 04.01.46
254,e_1,05/01/2015 04.04.16
254,g_1,05/01/2015 04.04.20
255,a_1,05/01/2015 04.02.28
255,d_1,05/01/2015 04.03.12
255,c_1,05/01/2015 04.03.44
255,f_1,05/01/2015 04.05.21
256,a_1,05/01/2015 04.02.58
256,d_1,05/01/2015 04.03.56
256,c_1,05/01/2015 04.05.07
256,f_1,05/01/2015 04.06.48
257,b_1,05/01/2015 04.03.28
257,e_1,05/01/2015 04.03.53
257,d_1,05/01/2015 04.04.58
257,g_1,05/01/2015 04.05.28
258,a_1,05/01/2015 04.03.06
258,c_1,05/01/2015 04.04.29
258,d_1,05/01/2015 04.06.02
258,f_1,05/01/2015 04.06.37
259,a_1,05/01/2015 04.05.52
259,c_1,05/01/2015 04.05.57
259,d_1,05/01/2015 04.07.16
259,f_1,05/01/2015 04.07.28
260,a_1,05/01/2015 04.06.44
260,c_1,05/01/2015 04.06.48
260,d_1,05/01/2015 04.08.59
260,f_1,05/01/2015 04.09.12
261,b_1,05/01/2015 04.08.51
261,e_1,05/01/2015 04.09.22
261,d_1,05/01/2015 04.10.07
261,g_1,05/01/2015 04.10.32
262,a_1,05/01/2015 04.13.00
262,c_1,05/01/2015 04.15.09
262,d_1,05/01/2015 04.17.29
262,f_1,05/01/2015 04.17.34
263,b_1,05/01/2015 04.10.54
263,d_1,05/01/2015 04.11.00
263,e_1,05/01/2015 04.13.51
263,g_1,05/01/2015 04.15.17
264,b_1,05/01/2015 04.13.31
264,e_1,05/01/2015 04.14.10
264,d_1,05/01/2015 04.16.14
264,g_1,05/01/2015 04.16.35
265,b_1,05/01/2015 04.15.46
265,e_1,05/01/2015 04.15.56
265,d_1,05/01/2015 04.18.36
265,g_1,05/01/2015 04.19.04
266,a_1,05/01/2015 04.17.37
266,d_1,05/01/2015 04.17.38
266,c_1,05/01/2015 04.18.01
266,f_1,05/01/2015 04.18.51
267,b_1,05/01/2015 04.18.22
267,d_1,05/01/2015 04.18.48
267,e_1,05/01/2015 04.19.05
267,g_1,05/01/2015 04.21.39
268,b_1,05/01/2015 04.17.25
268,d_1,05/01/2015 04.17.33
268,e_1,05/01/2015 04.18.01
268,g_1,05/01/2015 04.18.54
269,a_1,05/01/2015 04.18.13
269,d_1,05/01/2015 04.18.31
269,c_1,05/01/2015 04.20.01
269,f_1,05/01/2015 04.22.46
270,a_1,05/01/2015 04.17.44
270,c_1,05/01/2015 04.18.15
270,d_1,05/01/2015 04.19.06
270,f_1,05/01/2015 04.19.26
271,b_1,05/01/2015 04.22.03
271,e_1,05/01/2015 04.22.13
271,x_1,05/01/2015 04.24.00
271,d_1,05/01/2015 04.24.06
271,g_1,05/01/2015 04.26.34
272,a_1,05/01/2015 04.20.28
272,d_1,05/01/2015 04.20.34
272,c_1,05/01/2015 04.21.01
272,f_1,05/01/2015 04.21.01
273,a_1,05/01/2015 04.19.39
273,d_1,05/01/2015 04.19.42
273,c_1,05/01/2015 04.19.52
273,f_1,05/01/2015 04.20.21
274,b_1,05/01/2015 04.20.39
274,e_1,05/01/2015 04.21.32
274,d_1,05/01/2015 04.21.54
274,g_1,05/01/2015 04.22.44
275,a_1,05/01/2015 04.21.56
275,c_1,05/01/2015 04.22.06
275,d_1,05/01/2015 04.23.51
275,f_1,05/01/2015 04.24.50
276,a_1,05/01/2015 04.20.59
276,d_1,05/01/2015 04.21.39
276,c_1,05/01/2015 04.26.30
276,x_1,05/01/2015 04.26.30
276,f_1,05/01/2015 04.26.41
277,b_1,05/01/2015 04.22.59
277,d_1,05/01/2015 04.23.37
277,e_1,05/01/2015 04.23.58
277,g_1,05/01/2015 04.26.03
278,b_1,05/01/2015 04.22.00
278,d_1,05/01/2015 04.22.10
278,e_1,05/01/2015 04.24.00
278,g_1,05/01/2015 04.24.18
279,b_1,05/01/2015 04.23.33
279,d_1,05/01/2015 04.24.54
279,e_1,05/01/2015 04.26.02
279,g_1,05/01/2015 04.27.31
280,b_1,05/01/2015 04.24.27
280,d_1,05/01/2015 04.25.23
280,e_1,05/01/2015 04.25.49
280,g_1,05/01/2015 04.26.39
281,b_1,05/01/2015 04.23.12
281,e_1,05/01/2015 04.23.41
281,d_1,05/01/2015 04.24.38
281,g_1,05/01/2015 04.26.49
282,b_1,05/01/2015 04.24.54
282,e_1,05/01/2015 04.25.44
282,d_1,05/01/2015 04.26.03
282,g_1,05/01/2015 04.28.12
283,a_1,05/01/2015 04.27.42
283,c_1,05/01/2015 04.28.02
283,d_1,05/01/2015 04.29.29
283,f_1,05/01/2015 04.30.16
284,b_1,05/01/2015 04.27.25
284,d_1,05/01/2015 04.27.33
284,e_1,05/01/2015 04.29.50
284,g_1,05/01/2015 04.29.51
285,b_1,05/01/2015 04.27.55
285,d_1,05/01/2015 04.28.13
285,e_1,05/01/2015 04.29.22
285,g_1,05/01/2015 04.30.20
286,a_1,05/01/2015 04.28.43
286,c_1,05/01/2015 04.29.08
286,d_1,05/01/2015 04.30.29
286,f_1,05/01/2015 04.31.51
287,b_1,05/01/2015 04.33.26
287,d_1,05/01/2015 04.33.26
287,e_1,05/01/2015 04.33.29
287,g_1,05/01/2015 04.34.17
288,a_1,05/01/2015 04.35.29
288,d_1,05/01/2015 04.36.10
288,c_1,05/01/2015 04.36.22
288,f_1,05/01/2015 04.37.00
289,a_1,05/01/2015 04.36.42
289,c_1,05/01/2015 04.36.52
289,d_1,05/01/2015 04.38.09
289,f_1,05/01/2015 04.40.19
290,a_1,05/01/2015 04.39.03
290,d_1,05/01/2015 04.39.13
290,c_1,05/01/2015 04.39.17
290,f_1,05/01/2015 04.40.08
291,b_1,05/01/2015 04.40.54
291,e_1,05/01/2015 04.42.14
291,d_1,05/01/2015 04.42.53
291,g_1,05/01/2015 04.43.11
292,a_1,05/01/2015 04.41.12
292,d_1,05/01/2015 04.42.21
292,c_1,05/01/2015 04.42.42
292,f_1,05/01/2015 04.43.23
293,a_1,05/01/2015 04.43.08
293,c_1,05/01/2015 04.43.34
293,d_1,05/01/2015 04.43.40
293,f_1,05/01/2015 04.45.33
294,b_1,05/01/2015 04.42.39
294,d_1,05/01/2015 04.42.53
294,e_1,05/01/2015 04.44.02
294,g_1,05/01/2015 04.45.02
295,a_1,05/01/2015 04.42.02
295,c_1,05/01/2015 04.42.17
295,d_1,05/01/2015 04.43.37
295,f_1,05/01/2015 04.43.55
296,a_1,05/01/2015 04.43.40
296,d_1,05/01/2015 04.43.51
296,c_1,05/01/2015 04.44.23
296,f_1,05/01/2015 04.46.19
297,a_1,05/01/2015 04.42.34
297,c_1,05/01/2015 04.42.47
297,x_1,05/01/2015 04.42.47
297,d_1,05/01/2015 04.43.16
297,f_1,05/01/2015 04.44.29
298,b_1,05/01/2015 04.43.35
298,e_1,05/01/2015 04.44.09
298,d_1,05/01/2015 04.44.36
298,g_1,05/01/2015 04.46.27
299,a_1,05/01/2015 04.44.15
299,d_1,05/01/2015 04.44.17
299,c_1,05/01/2015 04.44.30
299,f_1,05/01/2015 04.44.53
300,a_1,05/01/2015 04.44.26
300,d_1,05/01/2015 04.46.43
300,c_1,05/01/2015 04.50.52
300,f_1,05/01/2015 04.53.14
301,b_1,05/01/2015 04.44.34
301,e_1,05/01/2015 04.45.36
301,d_1,05/01/2015 04.48.03
301,g_1,05/01/2015 04.48.09
302,b_1,05/01/2015 04.48.46
302,e_1,05/01/2015 04.48.47
302,d_1,05/01/2015 04.48.57
302,g_1,05/01/2015 04.51.30
303,a_1,05/01/2015 04.47.20
303,c_1,05/01/2015 04.48.43
303,d_1,05/01/2015 04.50.16
303,f_1,05/01/2015 04.50.57
304,b_1,05/01/2015 04.48.31
304,d_1,05/01/2015 04.49.22
304,e_1,05/01/2015 04.50.32
304,g_1,05/01/2015 04.51.37
305,a_1,05/01/2015 04.48.07
305,c_1,05/01/2015 04.51.08
305,d_1,05/01/2015 04.51.14
305,f_1,05/01/2015 04.53.26
306,b_1,05/01/2015 04.51.07
306,e_1,05/01/2015 04.51.08
306,d_1,05/01/2015 04.51.42
306,g_1,05/01/2015 04.52.04
307,a_1,05/01/2015 04.50.13
307,d_1,05/01/2015 04.50.34
307,c_1,05/01/2015 04.51.18
307,f_1,05/01/2015 04.52.52
308,a_1,05/01/2015 04.53.33
308,d_1,05/01/2015 04.53.48
308,c_1,05/01/2015 04.53.51
308,f_1,05/01/2015 04.54.35
309,a_1,05/01/2015 04.54.42
309,c_1,05/01/2015 04.55.05
309,d_1,05/01/2015 04.56.30
309,f_1,05/01/2015 04.58.06
310,a_1,05/01/2015 04.54.32
310,c_1,05/01/2015 04.54.41
310,d_1,05/01/2015 04.54.50
310,f_1,05/01/2015 04.58.01
311,b_1,05/01/2015 04.54.47
311,d_1,05/01/2015 04.55.11
311,e_1,05/01/2015 04.56.42
311,g_1,05/01/2015 04.57.30
312,a_1,05/01/2015 04.54.57
312,d_1,05/01/2015 04.55.46
312,c_1,05/01/2015 04.56.12
312,f_1,05/01/2015 04.56.31
313,a_1,05/01/2015 04.56.45
313,d_1,05/01/2015 04.56.49
313,c_1,05/01/2015 04.58.03
313,f_1,05/01/2015 04.59.31
314,a_1,05/01/2015 04.58.14
314,d_1,05/01/2015 04.59.40
314,c_1,05/01/2015 04.59.44
314,f_1,05/01/2015 05.00.04
315,b_1,05/01/2015 04.58.33
315,e_1,05/01/2015 04.59.23
315,d_1,05/01/2015 04.59.35
315,x_1,05/01/2015 05.00.55
315,g_1,05/01/2015 05.01.01
316,b_1,05/01/2015 04.59.36
316,d_1,05/01/2015 05.00.21
316,e_1,05/01/2015 05.00.51
316,g_1,05/01/2015 05.02.54
317,a_1,05/01/2015 04.59.18
317,c_1,05/01/2015 05.00.11
317,d_1,05/01/2015 05.01.16
317,f_1,05/01/2015 05.01.18
318,b_1,05/01/2015 05.02.19
318,d_1,05/01/2015 05.02.41
318,e_1,05/01/2015 05.02.52
318,g_1,05/01/2015 05.04.34
319,b_1,05/01/2015 04.59.54
319,e_1,05/01/2015 05.00.04
319,d_1,05/01/2015 05.00.27
319,g_1,05/01/2015 05.01.54
320,b_1,05/01/2015 05.00.09
320,e_1,05/01/2015 05.01.09
320,d_1,05/01/2015 05.01.24
320,g_1,05/01/2015 05.02.50
321,b_1,05/01/2015 05.00.41
321,e_1,05/01/2015 05.00.55
321,d_1,05/01/2015 05.02.09
321,g_1,05/01/2015 05.03.09
322,b_1,05/01/2015 05.02.07
322,d_1,05/01/2015 05.02.27
322,e_1,05/01/2015 05.04.23
322,g_1,05/01/2015 05.04.41
323,b_1,05/01/2015 05.04.59
323,d_1,05/01/2015 05.05.17
323,e_1,05/01/2015 05.05.55
323,g_1,05/01/2015 05.06.01
324,b_1,05/01/2015 05.05.51
324,d_1,05/01/2015 05.06.05
324,e_1,05/01/2015 05.06.56
324,g_1,05/01/2015 05.08.34
325,a_1,05/01/2015 05.05.26
325,c_1,05/01/2015 05.05.45
325,d_1,05/01/2015 05.06.00
325,f_1,05/01/2015 05.06.55
326,b_1,05/01/2015 05.05.32
326,d_1,05/01/2015 05.05.41
326,e_1,05/01/2015 05.05.51
326,g_1,05/01/2015 05.06.08
327,a_1,05/01/2015 05.08.28
327,d_1,05/01/2015 05.08.28
327,c_1,05/01/2015 05.08.31
327,f_1,05/01/2015 05.11.29
328,b_1,05/01/2015 05.07.57
328,e_1,05/01/2015 05.08.05
328,d_1,05/01/2015 05.08.51
328,g_1,05/01/2015 05.10.22
329,a_1,05/01/2015 05.07.53
329,c_1,05/01/2015 05.08.15
329,d_1,05/01/2015 05.08.48
329,f_1,05/01/2015 05.11.08
330,b_1,05/01/2015 05.10.44
330,d_1,05/01/2015 05.11.49
330,e_1,05/01/2015 05.12.15
330,g_1,05/01/2015 05.13.59
331,a_1,05/01/2015 05.09.45
331,d_1,05/01/2015 05.09.46
331,c_1,05/01/2015 05.09.51
331,f_1,05/01/2015 05.13.12
332,b_1,05/01/2015 05.10.48
332,e_1,05/01/2015 05.11.18
332,d_1,05/01/2015 05.12.13
332,g_1,05/01/2015 05.16.53
333,a_1,05/01/2015 05.11.50
333,d_1,05/01/2015 05.11.59
333,c_1,05/01/2015 05.13.36
